case_name,target_pct,start_name,start,returncode,annual,pnl_ratio,sharpe,max_drawdown,win_ratio,open_count,close_count,log_file,avg_invested_pct,ge80_ratio,max_active_positions,exposure_points
dd0714_tp060_pos82,0.82,full_20240605,2024-06-05 09:00:00,0,6.294187581029076,12.916017803262408,1.9743678225665888,0.3844110000187342,0.5841584158415841,203,202,D:\work\quant\quant_mcp\quant\data_file\reports\strategy_agent_goal_high_annual_20260623\top1_no_delist_rerun_20260624\diversification_tune_20260624\strict_sync_liquidity_neighborhood_20260624\formal_horizon_entry_confirmation_20260624\dynamic_h2_m3_dd0714_tp060_high_position_20260624\logs\dd0714_tp060_pos82_full_20240605.log,0.3791077489795919,0.2857142857142857,1,490
dd0714_tp060_pos82,0.82,recent60_20260324,2026-03-24 09:00:00,0,0.3302762205237863,0.08324770489914614,0.695649087375216,0.22020231911028695,0.5238095238095238,22,21,D:\work\quant\quant_mcp\quant\data_file\reports\strategy_agent_goal_high_annual_20260623\top1_no_delist_rerun_20260624\diversification_tune_20260624\strict_sync_liquidity_neighborhood_20260624\formal_horizon_entry_confirmation_20260624\dynamic_h2_m3_dd0714_tp060_high_position_20260624\logs\dd0714_tp060_pos82_recent60_20260324.log,0.44575812727272734,0.36363636363636365,1,55
dd0714_tp060_pos82,0.82,late_20250701,2025-07-01 09:00:00,0,2.937245592839689,2.8809148554427635,2.5644003182884076,0.22123660744500911,0.5981308411214953,108,107,D:\work\quant\quant_mcp\quant\data_file\reports\strategy_agent_goal_high_annual_20260623\top1_no_delist_rerun_20260624\diversification_tune_20260624\strict_sync_liquidity_neighborhood_20260624\formal_horizon_entry_confirmation_20260624\dynamic_h2_m3_dd0714_tp060_high_position_20260624\logs\dd0714_tp060_pos82_late_20250701.log,0.4181579740259742,0.4025974025974026,1,231
dd0714_tp060_pos82,0.82,late_20251009,2025-10-09 09:00:00,0,1.9300432201577982,1.3642497282211286,2.513566628687577,0.2212739779307301,0.5866666666666667,76,75,D:\work\quant\quant_mcp\quant\data_file\reports\strategy_agent_goal_high_annual_20260623\top1_no_delist_rerun_20260624\diversification_tune_20260624\strict_sync_liquidity_neighborhood_20260624\formal_horizon_entry_confirmation_20260624\dynamic_h2_m3_dd0714_tp060_high_position_20260624\logs\dd0714_tp060_pos82_late_20251009.log,0.4301130909090909,0.4484848484848485,1,165
dd0714_tp060_pos82,0.82,late_20260105,2026-01-05 09:00:00,0,1.6302660209978244,0.7593019823825483,2.43210459769689,0.2210189992257621,0.625,49,48,D:\work\quant\quant_mcp\quant\data_file\reports\strategy_agent_goal_high_annual_20260623\top1_no_delist_rerun_20260624\diversification_tune_20260624\strict_sync_liquidity_neighborhood_20260624\formal_horizon_entry_confirmation_20260624\dynamic_h2_m3_dd0714_tp060_high_position_20260624\logs\dd0714_tp060_pos82_late_20260105.log,0.42471562857142847,0.4,1,105
dd0714_tp060_pos84,0.84,full_20240605,2024-06-05 09:00:00,0,6.673641818067475,13.694678689678188,1.9584660785062948,0.39191506659960795,0.5841584158415841,203,202,D:\work\quant\quant_mcp\quant\data_file\reports\strategy_agent_goal_high_annual_20260623\top1_no_delist_rerun_20260624\diversification_tune_20260624\strict_sync_liquidity_neighborhood_20260624\formal_horizon_entry_confirmation_20260624\dynamic_h2_m3_dd0714_tp060_high_position_20260624\logs\dd0714_tp060_pos84_full_20240605.log,0.38681572448979595,0.2816326530612245,1,490
dd0714_tp060_pos84,0.84,recent60_20260324,2026-03-24 09:00:00,0,0.3325462878445704,0.08381988625123418,0.6810812481080011,0.2256492012556799,0.5238095238095238,22,21,D:\work\quant\quant_mcp\quant\data_file\reports\strategy_agent_goal_high_annual_20260623\top1_no_delist_rerun_20260624\diversification_tune_20260624\strict_sync_liquidity_neighborhood_20260624\formal_horizon_entry_confirmation_20260624\dynamic_h2_m3_dd0714_tp060_high_position_20260624\logs\dd0714_tp060_pos84_recent60_20260324.log,0.45711410909090916,0.36363636363636365,1,55
dd0714_tp060_pos84,0.84,late_20250701,2025-07-01 09:00:00,0,3.0515428852156576,2.9930201449512475,2.5409939590127593,0.22590885686723067,0.5981308411214953,108,107,D:\work\quant\quant_mcp\quant\data_file\reports\strategy_agent_goal_high_annual_20260623\top1_no_delist_rerun_20260624\diversification_tune_20260624\strict_sync_liquidity_neighborhood_20260624\formal_horizon_entry_confirmation_20260624\dynamic_h2_m3_dd0714_tp060_high_position_20260624\logs\dd0714_tp060_pos84_late_20250701.log,0.4280907012987013,0.4025974025974026,1,231
dd0714_tp060_pos84,0.84,late_20251009,2025-10-09 09:00:00,0,1.986541374426805,1.40418540986881,2.488956528393739,0.22604266043505838,0.5866666666666667,76,75,D:\work\quant\quant_mcp\quant\data_file\reports\strategy_agent_goal_high_annual_20260623\top1_no_delist_rerun_20260624\diversification_tune_20260624\strict_sync_liquidity_neighborhood_20260624\formal_horizon_entry_confirmation_20260624\dynamic_h2_m3_dd0714_tp060_high_position_20260624\logs\dd0714_tp060_pos84_late_20251009.log,0.4402405696969696,0.4484848484848485,1,165
dd0714_tp060_pos84,0.84,late_20260105,2026-01-05 09:00:00,0,1.655326988843901,0.770974213982091,2.388223002047964,0.22555204086675545,0.625,49,48,D:\work\quant\quant_mcp\quant\data_file\reports\strategy_agent_goal_high_annual_20260623\top1_no_delist_rerun_20260624\diversification_tune_20260624\strict_sync_liquidity_neighborhood_20260624\formal_horizon_entry_confirmation_20260624\dynamic_h2_m3_dd0714_tp060_high_position_20260624\logs\dd0714_tp060_pos84_late_20260105.log,0.4349160095238095,0.4,1,105
dd0714_tp060_pos85,0.85,full_20240605,2024-06-05 09:00:00,0,6.665324520798706,13.677611139940359,1.9363065927988379,0.39563845856377705,0.5841584158415841,203,202,D:\work\quant\quant_mcp\quant\data_file\reports\strategy_agent_goal_high_annual_20260623\top1_no_delist_rerun_20260624\diversification_tune_20260624\strict_sync_liquidity_neighborhood_20260624\formal_horizon_entry_confirmation_20260624\dynamic_h2_m3_dd0714_tp060_high_position_20260624\logs\dd0714_tp060_pos85_full_20240605.log,0.3942020693877552,0.27755102040816326,1,490
dd0714_tp060_pos85,0.85,recent60_20260324,2026-03-24 09:00:00,0,0.3332084858035171,0.08398679642170842,0.6740719455970211,0.22755675977387912,0.5238095238095238,22,21,D:\work\quant\quant_mcp\quant\data_file\reports\strategy_agent_goal_high_annual_20260623\top1_no_delist_rerun_20260624\diversification_tune_20260624\strict_sync_liquidity_neighborhood_20260624\formal_horizon_entry_confirmation_20260624\dynamic_h2_m3_dd0714_tp060_high_position_20260624\logs\dd0714_tp060_pos85_recent60_20260324.log,0.4621493090909092,0.36363636363636365,1,55
dd0714_tp060_pos85,0.85,late_20250701,2025-07-01 09:00:00,0,3.068256276200811,3.0094130051503845,2.5174148274811516,0.22858748879623259,0.5981308411214953,108,107,D:\work\quant\quant_mcp\quant\data_file\reports\strategy_agent_goal_high_annual_20260623\top1_no_delist_rerun_20260624\diversification_tune_20260624\strict_sync_liquidity_neighborhood_20260624\formal_horizon_entry_confirmation_20260624\dynamic_h2_m3_dd0714_tp060_high_position_20260624\logs\dd0714_tp060_pos85_late_20250701.log,0.43158547619047605,0.3939393939393939,1,231
dd0714_tp060_pos85,0.85,late_20251009,2025-10-09 09:00:00,0,1.96955625850336,1.392179492311964,2.4431126219579062,0.22864908576844933,0.5866666666666667,76,75,D:\work\quant\quant_mcp\quant\data_file\reports\strategy_agent_goal_high_annual_20260623\top1_no_delist_rerun_20260624\diversification_tune_20260624\strict_sync_liquidity_neighborhood_20260624\formal_horizon_entry_confirmation_20260624\dynamic_h2_m3_dd0714_tp060_high_position_20260624\logs\dd0714_tp060_pos85_late_20251009.log,0.4432545636363636,0.43636363636363634,1,165
dd0714_tp060_pos85,0.85,late_20260105,2026-01-05 09:00:00,0,1.6743293855342647,0.7798246453173288,2.376899718976591,0.22828100824134384,0.625,49,48,D:\work\quant\quant_mcp\quant\data_file\reports\strategy_agent_goal_high_annual_20260623\top1_no_delist_rerun_20260624\diversification_tune_20260624\strict_sync_liquidity_neighborhood_20260624\formal_horizon_entry_confirmation_20260624\dynamic_h2_m3_dd0714_tp060_high_position_20260624\logs\dd0714_tp060_pos85_late_20260105.log,0.4399292380952382,0.4,1,105
dd0714_tp060_pos86,0.86,full_20240605,2024-06-05 09:00:00,0,7.032804185830126,14.431699548456889,1.962893172026008,0.39935414913565426,0.5841584158415841,203,202,D:\work\quant\quant_mcp\quant\data_file\reports\strategy_agent_goal_high_annual_20260623\top1_no_delist_rerun_20260624\diversification_tune_20260624\strict_sync_liquidity_neighborhood_20260624\formal_horizon_entry_confirmation_20260624\dynamic_h2_m3_dd0714_tp060_high_position_20260624\logs\dd0714_tp060_pos86_full_20240605.log,0.39748648979591844,0.2795918367346939,1,490
dd0714_tp060_pos86,0.86,recent60_20260324,2026-03-24 09:00:00,0,0.38747525950477407,0.09766499691627183,0.7763743000678796,0.22087044607961234,0.5238095238095238,22,21,D:\work\quant\quant_mcp\quant\data_file\reports\strategy_agent_goal_high_annual_20260623\top1_no_delist_rerun_20260624\diversification_tune_20260624\strict_sync_liquidity_neighborhood_20260624\formal_horizon_entry_confirmation_20260624\dynamic_h2_m3_dd0714_tp060_high_position_20260624\logs\dd0714_tp060_pos86_recent60_20260324.log,0.46101225454545447,0.36363636363636365,1,55
dd0714_tp060_pos86,0.86,late_20250701,2025-07-01 09:00:00,0,3.1708071736037025,3.1099971730140425,2.546823705153984,0.2220616046122825,0.5981308411214953,108,107,D:\work\quant\quant_mcp\quant\data_file\reports\strategy_agent_goal_high_annual_20260623\top1_no_delist_rerun_20260624\diversification_tune_20260624\strict_sync_liquidity_neighborhood_20260624\formal_horizon_entry_confirmation_20260624\dynamic_h2_m3_dd0714_tp060_high_position_20260624\logs\dd0714_tp060_pos86_late_20250701.log,0.43505653246753245,0.3939393939393939,1,231
dd0714_tp060_pos86,0.86,late_20251009,2025-10-09 09:00:00,0,2.056733258673614,1.453800495172034,2.5071446262966925,0.22187657854038387,0.5866666666666667,76,75,D:\work\quant\quant_mcp\quant\data_file\reports\strategy_agent_goal_high_annual_20260623\top1_no_delist_rerun_20260624\diversification_tune_20260624\strict_sync_liquidity_neighborhood_20260624\formal_horizon_entry_confirmation_20260624\dynamic_h2_m3_dd0714_tp060_high_position_20260624\logs\dd0714_tp060_pos86_late_20251009.log,0.4465761454545453,0.43636363636363634,1,165
dd0714_tp060_pos86,0.86,late_20260105,2026-01-05 09:00:00,0,1.7581068916311577,0.8188443056912242,2.459978927174339,0.2215752188214195,0.625,49,48,D:\work\quant\quant_mcp\quant\data_file\reports\strategy_agent_goal_high_annual_20260623\top1_no_delist_rerun_20260624\diversification_tune_20260624\strict_sync_liquidity_neighborhood_20260624\formal_horizon_entry_confirmation_20260624\dynamic_h2_m3_dd0714_tp060_high_position_20260624\logs\dd0714_tp060_pos86_late_20260105.log,0.44164768571428586,0.4,1,105
dd0714_tp060_pos88,0.88,full_20240605,2024-06-05 09:00:00,0,7.6194795795268515,15.635589602919485,1.9529391768601958,0.4067008901173421,0.5841584158415841,203,202,D:\work\quant\quant_mcp\quant\data_file\reports\strategy_agent_goal_high_annual_20260623\top1_no_delist_rerun_20260624\diversification_tune_20260624\strict_sync_liquidity_neighborhood_20260624\formal_horizon_entry_confirmation_20260624\dynamic_h2_m3_dd0714_tp060_high_position_20260624\logs\dd0714_tp060_pos88_full_20240605.log,0.4037201938775508,0.2795918367346939,1,490
dd0714_tp060_pos88,0.88,recent60_20260324,2026-03-24 09:00:00,0,0.3916484795237749,0.09871687703065012,0.7629847100070498,0.2262492672506311,0.5238095238095238,22,21,D:\work\quant\quant_mcp\quant\data_file\reports\strategy_agent_goal_high_annual_20260623\top1_no_delist_rerun_20260624\diversification_tune_20260624\strict_sync_liquidity_neighborhood_20260624\formal_horizon_entry_confirmation_20260624\dynamic_h2_m3_dd0714_tp060_high_position_20260624\logs\dd0714_tp060_pos88_recent60_20260324.log,0.47287425454545456,0.36363636363636365,1,55
dd0714_tp060_pos88,0.88,late_20250701,2025-07-01 09:00:00,0,3.286028605533783,3.223008878852313,2.5223192400005137,0.22650746673791736,0.5981308411214953,108,107,D:\work\quant\quant_mcp\quant\data_file\reports\strategy_agent_goal_high_annual_20260623\top1_no_delist_rerun_20260624\diversification_tune_20260624\strict_sync_liquidity_neighborhood_20260624\formal_horizon_entry_confirmation_20260624\dynamic_h2_m3_dd0714_tp060_high_position_20260624\logs\dd0714_tp060_pos88_late_20250701.log,0.44483464069264067,0.3939393939393939,1,231
dd0714_tp060_pos88,0.88,late_20251009,2025-10-09 09:00:00,0,2.1138821640561876,1.4941961597986204,2.485741350557133,0.2261285862261125,0.5866666666666667,76,75,D:\work\quant\quant_mcp\quant\data_file\reports\strategy_agent_goal_high_annual_20260623\top1_no_delist_rerun_20260624\diversification_tune_20260624\strict_sync_liquidity_neighborhood_20260624\formal_horizon_entry_confirmation_20260624\dynamic_h2_m3_dd0714_tp060_high_position_20260624\logs\dd0714_tp060_pos88_late_20251009.log,0.4562642606060607,0.43636363636363634,1,165
dd0714_tp060_pos88,0.88,late_20260105,2026-01-05 09:00:00,0,1.7785394326675261,0.8283608316533683,2.411868693729422,0.22619352332105366,0.625,49,48,D:\work\quant\quant_mcp\quant\data_file\reports\strategy_agent_goal_high_annual_20260623\top1_no_delist_rerun_20260624\diversification_tune_20260624\strict_sync_liquidity_neighborhood_20260624\formal_horizon_entry_confirmation_20260624\dynamic_h2_m3_dd0714_tp060_high_position_20260624\logs\dd0714_tp060_pos88_late_20260105.log,0.45177118095238095,0.4,1,105
dd0714_tp060_pos90,0.9,full_20240605,2024-06-05 09:00:00,0,7.7612863168757915,15.926584798191692,1.9225466188061608,0.41403603286913043,0.5841584158415841,203,202,D:\work\quant\quant_mcp\quant\data_file\reports\strategy_agent_goal_high_annual_20260623\top1_no_delist_rerun_20260624\diversification_tune_20260624\strict_sync_liquidity_neighborhood_20260624\formal_horizon_entry_confirmation_20260624\dynamic_h2_m3_dd0714_tp060_high_position_20260624\logs\dd0714_tp060_pos90_full_20240605.log,0.4095709857142857,0.2693877551020408,1,490
dd0714_tp060_pos90,0.9,recent60_20260324,2026-03-24 09:00:00,0,0.40260717035264876,0.10147906759573612,0.7646802688641987,0.23016603781355477,0.5238095238095238,22,21,D:\work\quant\quant_mcp\quant\data_file\reports\strategy_agent_goal_high_annual_20260623\top1_no_delist_rerun_20260624\diversification_tune_20260624\strict_sync_liquidity_neighborhood_20260624\formal_horizon_entry_confirmation_20260624\dynamic_h2_m3_dd0714_tp060_high_position_20260624\logs\dd0714_tp060_pos90_recent60_20260324.log,0.48303690909090913,0.36363636363636365,1,55
dd0714_tp060_pos90,0.9,late_20250701,2025-07-01 09:00:00,0,3.4509379334811436,3.3847555621541083,2.5207076068971976,0.23125227524103212,0.5981308411214953,108,107,D:\work\quant\quant_mcp\quant\data_file\reports\strategy_agent_goal_high_annual_20260623\top1_no_delist_rerun_20260624\diversification_tune_20260624\strict_sync_liquidity_neighborhood_20260624\formal_horizon_entry_confirmation_20260624\dynamic_h2_m3_dd0714_tp060_high_position_20260624\logs\dd0714_tp060_pos90_late_20250701.log,0.45557757142857136,0.3939393939393939,1,231
dd0714_tp060_pos90,0.9,late_20251009,2025-10-09 09:00:00,0,2.1565710432715526,1.5243707648330427,2.443225273190137,0.2309299180931913,0.5866666666666667,76,75,D:\work\quant\quant_mcp\quant\data_file\reports\strategy_agent_goal_high_annual_20260623\top1_no_delist_rerun_20260624\diversification_tune_20260624\strict_sync_liquidity_neighborhood_20260624\formal_horizon_entry_confirmation_20260624\dynamic_h2_m3_dd0714_tp060_high_position_20260624\logs\dd0714_tp060_pos90_late_20251009.log,0.4666032484848487,0.43636363636363634,1,165
dd0714_tp060_pos90,0.9,late_20260105,2026-01-05 09:00:00,0,1.822960430810252,0.849050063665049,2.3944333733172383,0.230748226819248,0.625,49,48,D:\work\quant\quant_mcp\quant\data_file\reports\strategy_agent_goal_high_annual_20260623\top1_no_delist_rerun_20260624\diversification_tune_20260624\strict_sync_liquidity_neighborhood_20260624\formal_horizon_entry_confirmation_20260624\dynamic_h2_m3_dd0714_tp060_high_position_20260624\logs\dd0714_tp060_pos90_late_20260105.log,0.46173534285714296,0.4,1,105
