name,open_score_exit,target_pct,score_exit_ratio,min_hold_score_exit,max_daily_sells,extra_env,returncode,signal_file,log_file,annual,sharpe,max_drawdown,win_ratio,open_count,close_count,signal_count,buy_days,avg_invested_pct,ge80_ratio,max_active_positions,exposure_points
equity_dd_mild,1,0.10925,1.0,2,1,GM_EQUITY_DD_HARD_SCALE=0.75;GM_EQUITY_DD_HARD_TRIGGER=0.18;GM_EQUITY_DD_RECOVER_TRIGGER=0.04;GM_EQUITY_DD_RISK_MODE=1;GM_EQUITY_DD_SOFT_SCALE=0.90;GM_EQUITY_DD_SOFT_TRIGGER=0.10,0,D:\work\quant\quant_mcp\quant\data_file\reports\strategy_agent_model_application_20260621\formal_5d10d_weak_pool_exit_refine_20260621\signals\equity_dd_mild.csv,D:\work\quant\quant_mcp\quant\data_file\reports\strategy_agent_model_application_20260621\formal_5d10d_weak_pool_exit_refine_20260621\logs\equity_dd_mild.log,1.8177659514910387,1.8961250924657702,0.22175206457641738,0.6004098360655737,497,488,2436,494,0.8141619236947794,0.6666666666666666,9,498
exit105_mh3_s1,1,0.10925,1.05,3,1,,0,D:\work\quant\quant_mcp\quant\data_file\reports\strategy_agent_model_application_20260621\formal_5d10d_weak_pool_exit_refine_20260621\signals\exit105_mh3_s1.csv,D:\work\quant\quant_mcp\quant\data_file\reports\strategy_agent_model_application_20260621\formal_5d10d_weak_pool_exit_refine_20260621\logs\exit105_mh3_s1.log,1.9275379307522482,1.8806074331516485,0.2209442732001819,0.6004098360655737,497,488,2436,494,0.836569634538153,0.8253012048192772,9,498
exit110_mh3_s1,1,0.10925,1.1,3,1,,0,D:\work\quant\quant_mcp\quant\data_file\reports\strategy_agent_model_application_20260621\formal_5d10d_weak_pool_exit_refine_20260621\signals\exit110_mh3_s1.csv,D:\work\quant\quant_mcp\quant\data_file\reports\strategy_agent_model_application_20260621\formal_5d10d_weak_pool_exit_refine_20260621\logs\exit110_mh3_s1.log,1.9275379307522482,1.8806074331516485,0.2209442732001819,0.6004098360655737,497,488,2436,494,0.836569634538153,0.8253012048192772,9,498
exit105_mh2_s1,1,0.10925,1.05,2,1,,0,D:\work\quant\quant_mcp\quant\data_file\reports\strategy_agent_model_application_20260621\formal_5d10d_weak_pool_exit_refine_20260621\signals\exit105_mh2_s1.csv,D:\work\quant\quant_mcp\quant\data_file\reports\strategy_agent_model_application_20260621\formal_5d10d_weak_pool_exit_refine_20260621\logs\exit105_mh2_s1.log,1.9275379307522482,1.8806074331516485,0.2209442732001819,0.6004098360655737,497,488,2436,494,0.836569634538153,0.8253012048192772,9,498
baseline,1,0.10925,1.0,3,1,,0,D:\work\quant\quant_mcp\quant\data_file\reports\strategy_agent_model_application_20260621\formal_5d10d_weak_pool_exit_refine_20260621\signals\baseline.csv,D:\work\quant\quant_mcp\quant\data_file\reports\strategy_agent_model_application_20260621\formal_5d10d_weak_pool_exit_refine_20260621\logs\baseline.log,1.9275379307522482,1.880607433151648,0.2209442732001819,0.6004098360655737,497,488,2436,494,0.836569634538153,0.8253012048192772,9,498
exit110_mh2_s1,1,0.10925,1.1,2,1,,0,D:\work\quant\quant_mcp\quant\data_file\reports\strategy_agent_model_application_20260621\formal_5d10d_weak_pool_exit_refine_20260621\signals\exit110_mh2_s1.csv,D:\work\quant\quant_mcp\quant\data_file\reports\strategy_agent_model_application_20260621\formal_5d10d_weak_pool_exit_refine_20260621\logs\exit110_mh2_s1.log,1.9275379307522482,1.880607433151648,0.2209442732001819,0.6004098360655737,497,488,2436,494,0.836569634538153,0.8253012048192772,9,498
equity_dd_resize,1,0.10925,1.0,2,1,GM_EQUITY_DD_HARD_SCALE=0.75;GM_EQUITY_DD_HARD_TRIGGER=0.18;GM_EQUITY_DD_RECOVER_TRIGGER=0.04;GM_EQUITY_DD_RESIZE_EXISTING=1;GM_EQUITY_DD_RISK_MODE=1;GM_EQUITY_DD_SOFT_SCALE=0.90;GM_EQUITY_DD_SOFT_TRIGGER=0.10,0,D:\work\quant\quant_mcp\quant\data_file\reports\strategy_agent_model_application_20260621\formal_5d10d_weak_pool_exit_refine_20260621\signals\equity_dd_resize.csv,D:\work\quant\quant_mcp\quant\data_file\reports\strategy_agent_model_application_20260621\formal_5d10d_weak_pool_exit_refine_20260621\logs\equity_dd_resize.log,1.5683592622046578,1.7589120936009883,0.23543336338656815,0.5638297872340425,954,1034,2436,494,0.8131077690763057,0.7168674698795181,10,498
open_exit0,0,0.10925,1.0,3,1,,0,D:\work\quant\quant_mcp\quant\data_file\reports\strategy_agent_model_application_20260621\formal_5d10d_weak_pool_exit_refine_20260621\signals\open_exit0.csv,D:\work\quant\quant_mcp\quant\data_file\reports\strategy_agent_model_application_20260621\formal_5d10d_weak_pool_exit_refine_20260621\logs\open_exit0.log,1.5227762144565362,1.7565725298465276,0.21919369445592873,0.6045548654244306,492,483,2436,494,0.8377164759036143,0.8253012048192772,9,498
exit105_mh2_s3,1,0.10925,1.05,2,3,,0,D:\work\quant\quant_mcp\quant\data_file\reports\strategy_agent_model_application_20260621\formal_5d10d_weak_pool_exit_refine_20260621\signals\exit105_mh2_s3.csv,D:\work\quant\quant_mcp\quant\data_file\reports\strategy_agent_model_application_20260621\formal_5d10d_weak_pool_exit_refine_20260621\logs\exit105_mh2_s3.log,0.8642450636474038,1.4983280309379081,0.17865932681370275,0.5671641791044776,813,804,2436,494,0.5836159457831324,0.06224899598393574,9,498
sl05_exit110_mh1_s3,1,0.10925,1.1,1,3,GM_STOP_LOSS_PCT=0.05,0,D:\work\quant\quant_mcp\quant\data_file\reports\strategy_agent_model_application_20260621\formal_5d10d_weak_pool_exit_refine_20260621\signals\sl05_exit110_mh1_s3.csv,D:\work\quant\quant_mcp\quant\data_file\reports\strategy_agent_model_application_20260621\formal_5d10d_weak_pool_exit_refine_20260621\logs\sl05_exit110_mh1_s3.log,0.8642450636474038,1.4983280309379081,0.17865932681370275,0.5671641791044776,813,804,2436,494,0.5836159457831324,0.06224899598393574,9,498
sl06_exit105_mh2_s2,1,0.10925,1.05,2,2,GM_STOP_LOSS_PCT=0.06,0,D:\work\quant\quant_mcp\quant\data_file\reports\strategy_agent_model_application_20260621\formal_5d10d_weak_pool_exit_refine_20260621\signals\sl06_exit105_mh2_s2.csv,D:\work\quant\quant_mcp\quant\data_file\reports\strategy_agent_model_application_20260621\formal_5d10d_weak_pool_exit_refine_20260621\logs\sl06_exit105_mh2_s2.log,0.8925110513616784,1.4631153463352673,0.19752314446949887,0.5587863463969659,801,791,2436,494,0.64346553815261,0.060240963855421686,9,498
exit100_mh2_s2,1,0.10925,1.0,2,2,,0,D:\work\quant\quant_mcp\quant\data_file\reports\strategy_agent_model_application_20260621\formal_5d10d_weak_pool_exit_refine_20260621\signals\exit100_mh2_s2.csv,D:\work\quant\quant_mcp\quant\data_file\reports\strategy_agent_model_application_20260621\formal_5d10d_weak_pool_exit_refine_20260621\logs\exit100_mh2_s2.log,0.8925110513616784,1.463115346335267,0.19752314446949887,0.5587863463969659,801,791,2436,494,0.64346553815261,0.060240963855421686,9,498
exit110_mh2_s2,1,0.10925,1.1,2,2,,0,D:\work\quant\quant_mcp\quant\data_file\reports\strategy_agent_model_application_20260621\formal_5d10d_weak_pool_exit_refine_20260621\signals\exit110_mh2_s2.csv,D:\work\quant\quant_mcp\quant\data_file\reports\strategy_agent_model_application_20260621\formal_5d10d_weak_pool_exit_refine_20260621\logs\exit110_mh2_s2.log,0.8925110513616784,1.463115346335267,0.19752314446949887,0.5587863463969659,801,791,2436,494,0.64346553815261,0.060240963855421686,9,498
exit100_mh1_s2,1,0.10925,1.0,1,2,,0,D:\work\quant\quant_mcp\quant\data_file\reports\strategy_agent_model_application_20260621\formal_5d10d_weak_pool_exit_refine_20260621\signals\exit100_mh1_s2.csv,D:\work\quant\quant_mcp\quant\data_file\reports\strategy_agent_model_application_20260621\formal_5d10d_weak_pool_exit_refine_20260621\logs\exit100_mh1_s2.log,0.8925110513616784,1.463115346335267,0.19752314446949887,0.5587863463969659,801,791,2436,494,0.64346553815261,0.060240963855421686,9,498
exit105_mh2_s2,1,0.10925,1.05,2,2,,0,D:\work\quant\quant_mcp\quant\data_file\reports\strategy_agent_model_application_20260621\formal_5d10d_weak_pool_exit_refine_20260621\signals\exit105_mh2_s2.csv,D:\work\quant\quant_mcp\quant\data_file\reports\strategy_agent_model_application_20260621\formal_5d10d_weak_pool_exit_refine_20260621\logs\exit105_mh2_s2.log,0.8925110513616784,1.4631153463352669,0.19752314446949887,0.5587863463969659,801,791,2436,494,0.64346553815261,0.060240963855421686,9,498
exit105_mh1_s2,1,0.10925,1.05,1,2,,0,D:\work\quant\quant_mcp\quant\data_file\reports\strategy_agent_model_application_20260621\formal_5d10d_weak_pool_exit_refine_20260621\signals\exit105_mh1_s2.csv,D:\work\quant\quant_mcp\quant\data_file\reports\strategy_agent_model_application_20260621\formal_5d10d_weak_pool_exit_refine_20260621\logs\exit105_mh1_s2.log,0.8925110513616784,1.4631153463352669,0.19752314446949887,0.5587863463969659,801,791,2436,494,0.64346553815261,0.060240963855421686,9,498
exit110_mh1_s2,1,0.10925,1.1,1,2,,0,D:\work\quant\quant_mcp\quant\data_file\reports\strategy_agent_model_application_20260621\formal_5d10d_weak_pool_exit_refine_20260621\signals\exit110_mh1_s2.csv,D:\work\quant\quant_mcp\quant\data_file\reports\strategy_agent_model_application_20260621\formal_5d10d_weak_pool_exit_refine_20260621\logs\exit110_mh1_s2.log,0.8925110513616784,1.4631153463352669,0.19752314446949887,0.5587863463969659,801,791,2436,494,0.64346553815261,0.060240963855421686,9,498
tp105_exit110_mh1_s3,1,0.105,1.1,1,3,,0,D:\work\quant\quant_mcp\quant\data_file\reports\strategy_agent_model_application_20260621\formal_5d10d_weak_pool_exit_refine_20260621\signals\tp105_exit110_mh1_s3.csv,D:\work\quant\quant_mcp\quant\data_file\reports\strategy_agent_model_application_20260621\formal_5d10d_weak_pool_exit_refine_20260621\logs\tp105_exit110_mh1_s3.log,0.8035470941319205,1.3600230286233388,0.18587942281066674,0.5647607934655776,867,857,2436,494,0.6081736506024092,0.08634538152610442,9,498
tp107_exit110_mh2_s2,1,0.107,1.1,2,2,,0,D:\work\quant\quant_mcp\quant\data_file\reports\strategy_agent_model_application_20260621\formal_5d10d_weak_pool_exit_refine_20260621\signals\tp107_exit110_mh2_s2.csv,D:\work\quant\quant_mcp\quant\data_file\reports\strategy_agent_model_application_20260621\formal_5d10d_weak_pool_exit_refine_20260621\logs\tp107_exit110_mh2_s2.log,0.8154111116955159,1.3428747720046845,0.21860768497981903,0.57,810,800,2436,494,0.6446669819277114,0.07028112449799197,9,498
tp108_exit105_mh2_s2,1,0.108,1.05,2,2,,0,D:\work\quant\quant_mcp\quant\data_file\reports\strategy_agent_model_application_20260621\formal_5d10d_weak_pool_exit_refine_20260621\signals\tp108_exit105_mh2_s2.csv,D:\work\quant\quant_mcp\quant\data_file\reports\strategy_agent_model_application_20260621\formal_5d10d_weak_pool_exit_refine_20260621\logs\tp108_exit105_mh2_s2.log,0.8251848801136091,1.3380728279584262,0.2210042831546539,0.57,810,800,2436,494,0.6507632248995975,0.07028112449799197,9,498
index_risk_mild,1,0.10925,1.0,2,1,GM_INDEX_RISK_BUY_SCALE=0.70;GM_INDEX_RISK_CC_THRESHOLD=-0.025;GM_INDEX_RISK_EXIT_MODE=1;GM_INDEX_RISK_INTRADAY_THRESHOLD=-0.025,0,D:\work\quant\quant_mcp\quant\data_file\reports\strategy_agent_model_application_20260621\formal_5d10d_weak_pool_exit_refine_20260621\signals\index_risk_mild.csv,D:\work\quant\quant_mcp\quant\data_file\reports\strategy_agent_model_application_20260621\formal_5d10d_weak_pool_exit_refine_20260621\logs\index_risk_mild.log,0.6914280311780173,1.2980430306830315,0.23176898072390287,0.5241157556270096,631,622,2436,494,0.7092877208835336,0.2931726907630522,9,498
index_risk_tight,1,0.10925,1.0,2,1,GM_INDEX_RISK_BUY_SCALE=0.70;GM_INDEX_RISK_CC_THRESHOLD=-0.015;GM_INDEX_RISK_EXIT_MODE=1;GM_INDEX_RISK_INTRADAY_THRESHOLD=-0.015,0,D:\work\quant\quant_mcp\quant\data_file\reports\strategy_agent_model_application_20260621\formal_5d10d_weak_pool_exit_refine_20260621\signals\index_risk_tight.csv,D:\work\quant\quant_mcp\quant\data_file\reports\strategy_agent_model_application_20260621\formal_5d10d_weak_pool_exit_refine_20260621\logs\index_risk_tight.log,0.4690992802940766,1.1602750259020473,0.2566919093785194,0.4749082007343941,828,817,2436,494,0.5900913714859434,0.21084337349397592,10,498
