table,max_total_mv,min_amount,min_turnover_rate,top_k,holding_days,max_positions,asset,direction,weight_mode,target_total_pct,max_atr_ratio,open_score_exit,score_exit_entry_ratio,max_daily_sells,score_continue_entry_ratio,db_path,manifest_path,returncode,signal_file,log_file,annual,sharpe,max_drawdown,win_ratio,open_count,close_count,signal_count,buy_days,avg_invested_pct,ge80_ratio,max_active_positions,exposure_points
rank_10d90_5d10,150000.0,10000.0,0.3,5,4,8,rank_10d90_5d10,top,equal,0.98,,1,0.95,1,1.0,D:\work\quant\quant_mcp\quant\data_file\reports\strategy_agent_model_application_20260621\formal_5d10d_l5_candidate_grid_20260621\fusion_5d10d.db,D:\work\quant\quant_mcp\quant\data_file\reports\strategy_agent_model_application_20260621\formal_5d10d_l5_candidate_grid_20260621\fusion_5d10d_manifest.json,0,D:\work\quant\quant_mcp\quant\data_file\reports\strategy_agent_model_application_20260621\formal_5d10d_selection_refine_20260621\signals\rank_10d90_5d10_top_tk5_h4_mp8_mv150000p0_amt10000p0_turn0p3_exit1_ser0p95.csv,D:\work\quant\quant_mcp\quant\data_file\reports\strategy_agent_model_application_20260621\formal_5d10d_selection_refine_20260621\logs\rank_10d90_5d10_top_tk5_h4_mp8_mv150000p0_amt10000p0_turn0p3_exit1_ser0p95.log,1.0928625331560915,2.082136491028149,0.2348928743047807,0.5750577367205543,442,433,2069,493,0.5768834064386319,0.04225352112676056,8,497
rank_10d80_5d20,100000.0,10000.0,0.3,5,4,8,rank_10d80_5d20,top,equal,0.98,,1,0.95,1,1.0,D:\work\quant\quant_mcp\quant\data_file\reports\strategy_agent_model_application_20260621\formal_5d10d_l5_candidate_grid_20260621\fusion_5d10d.db,D:\work\quant\quant_mcp\quant\data_file\reports\strategy_agent_model_application_20260621\formal_5d10d_l5_candidate_grid_20260621\fusion_5d10d_manifest.json,0,D:\work\quant\quant_mcp\quant\data_file\reports\strategy_agent_model_application_20260621\formal_5d10d_selection_refine_20260621\signals\rank_10d80_5d20_top_tk5_h4_mp8_mv100000p0_amt10000p0_turn0p3_exit1_ser0p95.csv,D:\work\quant\quant_mcp\quant\data_file\reports\strategy_agent_model_application_20260621\formal_5d10d_selection_refine_20260621\logs\rank_10d80_5d20_top_tk5_h4_mp8_mv100000p0_amt10000p0_turn0p3_exit1_ser0p95.log,0.6289325631054972,2.0570517375906023,0.12610098914713927,0.6056338028169014,214,213,896,238,0.25125405835010056,0.01609657947686117,7,497
rank_10d50_5d50,100000.0,10000.0,0.3,5,4,8,rank_10d50_5d50,top,equal,0.98,,1,0.95,1,1.0,D:\work\quant\quant_mcp\quant\data_file\reports\strategy_agent_model_application_20260621\formal_5d10d_l5_candidate_grid_20260621\fusion_5d10d.db,D:\work\quant\quant_mcp\quant\data_file\reports\strategy_agent_model_application_20260621\formal_5d10d_l5_candidate_grid_20260621\fusion_5d10d_manifest.json,0,D:\work\quant\quant_mcp\quant\data_file\reports\strategy_agent_model_application_20260621\formal_5d10d_selection_refine_20260621\signals\rank_10d50_5d50_top_tk5_h4_mp8_mv100000p0_amt10000p0_turn0p3_exit1_ser0p95.csv,D:\work\quant\quant_mcp\quant\data_file\reports\strategy_agent_model_application_20260621\formal_5d10d_selection_refine_20260621\logs\rank_10d50_5d50_top_tk5_h4_mp8_mv100000p0_amt10000p0_turn0p3_exit1_ser0p95.log,0.6347797969785821,2.0503929550458713,0.12251000810318179,0.602803738317757,215,214,896,238,0.24997077062374257,0.01609657947686117,7,497
rank_10d60_5d40,100000.0,10000.0,0.3,5,4,8,rank_10d60_5d40,top,equal,0.98,,1,0.95,1,1.0,D:\work\quant\quant_mcp\quant\data_file\reports\strategy_agent_model_application_20260621\formal_5d10d_l5_candidate_grid_20260621\fusion_5d10d.db,D:\work\quant\quant_mcp\quant\data_file\reports\strategy_agent_model_application_20260621\formal_5d10d_l5_candidate_grid_20260621\fusion_5d10d_manifest.json,0,D:\work\quant\quant_mcp\quant\data_file\reports\strategy_agent_model_application_20260621\formal_5d10d_selection_refine_20260621\signals\rank_10d60_5d40_top_tk5_h4_mp8_mv100000p0_amt10000p0_turn0p3_exit1_ser0p95.csv,D:\work\quant\quant_mcp\quant\data_file\reports\strategy_agent_model_application_20260621\formal_5d10d_selection_refine_20260621\logs\rank_10d60_5d40_top_tk5_h4_mp8_mv100000p0_amt10000p0_turn0p3_exit1_ser0p95.log,0.6248812890912191,2.0503197858216127,0.1206581070800613,0.5981308411214953,215,214,896,238,0.24889614889336004,0.026156941649899398,7,497
rank_10d90_5d10,100000.0,10000.0,0.3,5,4,8,rank_10d90_5d10,top,equal,0.98,,1,0.95,1,1.0,D:\work\quant\quant_mcp\quant\data_file\reports\strategy_agent_model_application_20260621\formal_5d10d_l5_candidate_grid_20260621\fusion_5d10d.db,D:\work\quant\quant_mcp\quant\data_file\reports\strategy_agent_model_application_20260621\formal_5d10d_l5_candidate_grid_20260621\fusion_5d10d_manifest.json,0,D:\work\quant\quant_mcp\quant\data_file\reports\strategy_agent_model_application_20260621\formal_5d10d_selection_refine_20260621\signals\rank_10d90_5d10_top_tk5_h4_mp8_mv100000p0_amt10000p0_turn0p3_exit1_ser0p95.csv,D:\work\quant\quant_mcp\quant\data_file\reports\strategy_agent_model_application_20260621\formal_5d10d_selection_refine_20260621\logs\rank_10d90_5d10_top_tk5_h4_mp8_mv100000p0_amt10000p0_turn0p3_exit1_ser0p95.log,0.6251347070644168,2.0419416658374216,0.12017764232041463,0.6084905660377359,213,212,896,238,0.2453698209255533,0.014084507042253521,7,497
rank_10d80_5d20,150000.0,10000.0,0.3,5,4,8,rank_10d80_5d20,top,equal,0.98,,1,0.95,1,1.0,D:\work\quant\quant_mcp\quant\data_file\reports\strategy_agent_model_application_20260621\formal_5d10d_l5_candidate_grid_20260621\fusion_5d10d.db,D:\work\quant\quant_mcp\quant\data_file\reports\strategy_agent_model_application_20260621\formal_5d10d_l5_candidate_grid_20260621\fusion_5d10d_manifest.json,0,D:\work\quant\quant_mcp\quant\data_file\reports\strategy_agent_model_application_20260621\formal_5d10d_selection_refine_20260621\signals\rank_10d80_5d20_top_tk5_h4_mp8_mv150000p0_amt10000p0_turn0p3_exit1_ser0p95.csv,D:\work\quant\quant_mcp\quant\data_file\reports\strategy_agent_model_application_20260621\formal_5d10d_selection_refine_20260621\logs\rank_10d80_5d20_top_tk5_h4_mp8_mv150000p0_amt10000p0_turn0p3_exit1_ser0p95.log,1.1041852338248963,2.033558688165092,0.21510358841870866,0.5841121495327103,437,428,2069,493,0.589782804828974,0.13078470824949698,8,497
rank_10d70_5d30,100000.0,10000.0,0.3,5,4,8,rank_10d70_5d30,top,equal,0.98,,1,0.95,1,1.0,D:\work\quant\quant_mcp\quant\data_file\reports\strategy_agent_model_application_20260621\formal_5d10d_l5_candidate_grid_20260621\fusion_5d10d.db,D:\work\quant\quant_mcp\quant\data_file\reports\strategy_agent_model_application_20260621\formal_5d10d_l5_candidate_grid_20260621\fusion_5d10d_manifest.json,0,D:\work\quant\quant_mcp\quant\data_file\reports\strategy_agent_model_application_20260621\formal_5d10d_selection_refine_20260621\signals\rank_10d70_5d30_top_tk5_h4_mp8_mv100000p0_amt10000p0_turn0p3_exit1_ser0p95.csv,D:\work\quant\quant_mcp\quant\data_file\reports\strategy_agent_model_application_20260621\formal_5d10d_selection_refine_20260621\logs\rank_10d70_5d30_top_tk5_h4_mp8_mv100000p0_amt10000p0_turn0p3_exit1_ser0p95.log,0.5779843399152618,1.996735442838958,0.11667368698008909,0.596244131455399,214,213,896,238,0.2526755211267606,0.01609657947686117,7,497
rank_10d50_5d50,150000.0,10000.0,0.3,5,4,8,rank_10d50_5d50,top,equal,0.98,,1,0.95,1,1.0,D:\work\quant\quant_mcp\quant\data_file\reports\strategy_agent_model_application_20260621\formal_5d10d_l5_candidate_grid_20260621\fusion_5d10d.db,D:\work\quant\quant_mcp\quant\data_file\reports\strategy_agent_model_application_20260621\formal_5d10d_l5_candidate_grid_20260621\fusion_5d10d_manifest.json,0,D:\work\quant\quant_mcp\quant\data_file\reports\strategy_agent_model_application_20260621\formal_5d10d_selection_refine_20260621\signals\rank_10d50_5d50_top_tk5_h4_mp8_mv150000p0_amt10000p0_turn0p3_exit1_ser0p95.csv,D:\work\quant\quant_mcp\quant\data_file\reports\strategy_agent_model_application_20260621\formal_5d10d_selection_refine_20260621\logs\rank_10d50_5d50_top_tk5_h4_mp8_mv150000p0_amt10000p0_turn0p3_exit1_ser0p95.log,1.0184730749900195,1.896404969837823,0.2573288566570491,0.5912240184757506,440,433,2069,493,0.5821159074446685,0.002012072434607646,7,497
rank_10d80_5d20,150000.0,20000.0,0.5,5,4,8,rank_10d80_5d20,top,equal,0.98,,1,0.95,1,1.0,D:\work\quant\quant_mcp\quant\data_file\reports\strategy_agent_model_application_20260621\formal_5d10d_l5_candidate_grid_20260621\fusion_5d10d.db,D:\work\quant\quant_mcp\quant\data_file\reports\strategy_agent_model_application_20260621\formal_5d10d_l5_candidate_grid_20260621\fusion_5d10d_manifest.json,0,D:\work\quant\quant_mcp\quant\data_file\reports\strategy_agent_model_application_20260621\formal_5d10d_selection_refine_20260621\signals\rank_10d80_5d20_top_tk5_h4_mp8_mv150000p0_amt20000p0_turn0p5_exit1_ser0p95.csv,D:\work\quant\quant_mcp\quant\data_file\reports\strategy_agent_model_application_20260621\formal_5d10d_selection_refine_20260621\logs\rank_10d80_5d20_top_tk5_h4_mp8_mv150000p0_amt20000p0_turn0p5_exit1_ser0p95.log,0.9697033000757118,1.874343276500204,0.27573474564128914,0.5870069605568445,440,431,2013,488,0.5832404366197186,0.07645875251509054,8,497
rank_10d90_5d10,150000.0,20000.0,0.5,5,4,8,rank_10d90_5d10,top,equal,0.98,,1,0.95,1,1.0,D:\work\quant\quant_mcp\quant\data_file\reports\strategy_agent_model_application_20260621\formal_5d10d_l5_candidate_grid_20260621\fusion_5d10d.db,D:\work\quant\quant_mcp\quant\data_file\reports\strategy_agent_model_application_20260621\formal_5d10d_l5_candidate_grid_20260621\fusion_5d10d_manifest.json,0,D:\work\quant\quant_mcp\quant\data_file\reports\strategy_agent_model_application_20260621\formal_5d10d_selection_refine_20260621\signals\rank_10d90_5d10_top_tk5_h4_mp8_mv150000p0_amt20000p0_turn0p5_exit1_ser0p95.csv,D:\work\quant\quant_mcp\quant\data_file\reports\strategy_agent_model_application_20260621\formal_5d10d_selection_refine_20260621\logs\rank_10d90_5d10_top_tk5_h4_mp8_mv150000p0_amt20000p0_turn0p5_exit1_ser0p95.log,0.8905399696515974,1.8022054556021703,0.26221972057809056,0.580046403712297,439,431,2013,488,0.5755785754527156,0.022132796780684104,8,497
rank_10d60_5d40,150000.0,10000.0,0.3,5,4,8,rank_10d60_5d40,top,equal,0.98,,1,0.95,1,1.0,D:\work\quant\quant_mcp\quant\data_file\reports\strategy_agent_model_application_20260621\formal_5d10d_l5_candidate_grid_20260621\fusion_5d10d.db,D:\work\quant\quant_mcp\quant\data_file\reports\strategy_agent_model_application_20260621\formal_5d10d_l5_candidate_grid_20260621\fusion_5d10d_manifest.json,0,D:\work\quant\quant_mcp\quant\data_file\reports\strategy_agent_model_application_20260621\formal_5d10d_selection_refine_20260621\signals\rank_10d60_5d40_top_tk5_h4_mp8_mv150000p0_amt10000p0_turn0p3_exit1_ser0p95.csv,D:\work\quant\quant_mcp\quant\data_file\reports\strategy_agent_model_application_20260621\formal_5d10d_selection_refine_20260621\logs\rank_10d60_5d40_top_tk5_h4_mp8_mv150000p0_amt10000p0_turn0p3_exit1_ser0p95.log,1.1009827958733522,1.7979513948474857,0.2906111507387266,0.5976744186046512,438,430,2069,493,0.6470541529175053,0.5050301810865191,8,497
rank_10d70_5d30,150000.0,10000.0,0.3,5,4,8,rank_10d70_5d30,top,equal,0.98,,1,0.95,1,1.0,D:\work\quant\quant_mcp\quant\data_file\reports\strategy_agent_model_application_20260621\formal_5d10d_l5_candidate_grid_20260621\fusion_5d10d.db,D:\work\quant\quant_mcp\quant\data_file\reports\strategy_agent_model_application_20260621\formal_5d10d_l5_candidate_grid_20260621\fusion_5d10d_manifest.json,0,D:\work\quant\quant_mcp\quant\data_file\reports\strategy_agent_model_application_20260621\formal_5d10d_selection_refine_20260621\signals\rank_10d70_5d30_top_tk5_h4_mp8_mv150000p0_amt10000p0_turn0p3_exit1_ser0p95.csv,D:\work\quant\quant_mcp\quant\data_file\reports\strategy_agent_model_application_20260621\formal_5d10d_selection_refine_20260621\logs\rank_10d70_5d30_top_tk5_h4_mp8_mv150000p0_amt10000p0_turn0p3_exit1_ser0p95.log,0.8895570179786255,1.7850779252139444,0.26413425467291596,0.5783410138248848,442,434,2069,493,0.5773609295774648,0.01609657947686117,8,497
rank_10d50_5d50,150000.0,20000.0,0.5,5,4,8,rank_10d50_5d50,top,equal,0.98,,1,0.95,1,1.0,D:\work\quant\quant_mcp\quant\data_file\reports\strategy_agent_model_application_20260621\formal_5d10d_l5_candidate_grid_20260621\fusion_5d10d.db,D:\work\quant\quant_mcp\quant\data_file\reports\strategy_agent_model_application_20260621\formal_5d10d_l5_candidate_grid_20260621\fusion_5d10d_manifest.json,0,D:\work\quant\quant_mcp\quant\data_file\reports\strategy_agent_model_application_20260621\formal_5d10d_selection_refine_20260621\signals\rank_10d50_5d50_top_tk5_h4_mp8_mv150000p0_amt20000p0_turn0p5_exit1_ser0p95.csv,D:\work\quant\quant_mcp\quant\data_file\reports\strategy_agent_model_application_20260621\formal_5d10d_selection_refine_20260621\logs\rank_10d50_5d50_top_tk5_h4_mp8_mv150000p0_amt20000p0_turn0p5_exit1_ser0p95.log,0.92462920707408,1.724747633313977,0.25778351694097584,0.6182669789227166,435,427,2013,488,0.6427462615694157,0.5311871227364185,8,497
rank_10d70_5d30,150000.0,20000.0,0.5,5,4,8,rank_10d70_5d30,top,equal,0.98,,1,0.95,1,1.0,D:\work\quant\quant_mcp\quant\data_file\reports\strategy_agent_model_application_20260621\formal_5d10d_l5_candidate_grid_20260621\fusion_5d10d.db,D:\work\quant\quant_mcp\quant\data_file\reports\strategy_agent_model_application_20260621\formal_5d10d_l5_candidate_grid_20260621\fusion_5d10d_manifest.json,0,D:\work\quant\quant_mcp\quant\data_file\reports\strategy_agent_model_application_20260621\formal_5d10d_selection_refine_20260621\signals\rank_10d70_5d30_top_tk5_h4_mp8_mv150000p0_amt20000p0_turn0p5_exit1_ser0p95.csv,D:\work\quant\quant_mcp\quant\data_file\reports\strategy_agent_model_application_20260621\formal_5d10d_selection_refine_20260621\logs\rank_10d70_5d30_top_tk5_h4_mp8_mv150000p0_amt20000p0_turn0p5_exit1_ser0p95.log,0.9458549332541533,1.7108590651601567,0.2813140198930004,0.5841121495327103,436,428,2013,488,0.6105507585513077,0.42857142857142855,8,497
rank_10d60_5d40,150000.0,20000.0,0.5,5,4,8,rank_10d60_5d40,top,equal,0.98,,1,0.95,1,1.0,D:\work\quant\quant_mcp\quant\data_file\reports\strategy_agent_model_application_20260621\formal_5d10d_l5_candidate_grid_20260621\fusion_5d10d.db,D:\work\quant\quant_mcp\quant\data_file\reports\strategy_agent_model_application_20260621\formal_5d10d_l5_candidate_grid_20260621\fusion_5d10d_manifest.json,0,D:\work\quant\quant_mcp\quant\data_file\reports\strategy_agent_model_application_20260621\formal_5d10d_selection_refine_20260621\signals\rank_10d60_5d40_top_tk5_h4_mp8_mv150000p0_amt20000p0_turn0p5_exit1_ser0p95.csv,D:\work\quant\quant_mcp\quant\data_file\reports\strategy_agent_model_application_20260621\formal_5d10d_selection_refine_20260621\logs\rank_10d60_5d40_top_tk5_h4_mp8_mv150000p0_amt20000p0_turn0p5_exit1_ser0p95.log,0.8916727941103201,1.6856314337058529,0.2771969572288466,0.5925058548009368,435,427,2013,488,0.6093545774647884,0.42052313883299797,8,497
rank_10d80_5d20,200000.0,20000.0,0.5,5,4,8,rank_10d80_5d20,top,equal,0.98,,1,0.95,1,1.0,D:\work\quant\quant_mcp\quant\data_file\reports\strategy_agent_model_application_20260621\formal_5d10d_l5_candidate_grid_20260621\fusion_5d10d.db,D:\work\quant\quant_mcp\quant\data_file\reports\strategy_agent_model_application_20260621\formal_5d10d_l5_candidate_grid_20260621\fusion_5d10d_manifest.json,0,D:\work\quant\quant_mcp\quant\data_file\reports\strategy_agent_model_application_20260621\formal_5d10d_selection_refine_20260621\signals\rank_10d80_5d20_top_tk5_h4_mp8_mv200000p0_amt20000p0_turn0p5_exit1_ser0p95.csv,D:\work\quant\quant_mcp\quant\data_file\reports\strategy_agent_model_application_20260621\formal_5d10d_selection_refine_20260621\logs\rank_10d80_5d20_top_tk5_h4_mp8_mv200000p0_amt20000p0_turn0p5_exit1_ser0p95.log,1.2774441908449126,1.6235189143118804,0.21552339410298738,0.5833333333333334,499,492,2470,494,0.8126977142857151,0.6639839034205232,7,497
rank_10d50_5d50,200000.0,20000.0,0.5,5,4,8,rank_10d50_5d50,top,equal,0.98,,1,0.95,1,1.0,D:\work\quant\quant_mcp\quant\data_file\reports\strategy_agent_model_application_20260621\formal_5d10d_l5_candidate_grid_20260621\fusion_5d10d.db,D:\work\quant\quant_mcp\quant\data_file\reports\strategy_agent_model_application_20260621\formal_5d10d_l5_candidate_grid_20260621\fusion_5d10d_manifest.json,0,D:\work\quant\quant_mcp\quant\data_file\reports\strategy_agent_model_application_20260621\formal_5d10d_selection_refine_20260621\signals\rank_10d50_5d50_top_tk5_h4_mp8_mv200000p0_amt20000p0_turn0p5_exit1_ser0p95.csv,D:\work\quant\quant_mcp\quant\data_file\reports\strategy_agent_model_application_20260621\formal_5d10d_selection_refine_20260621\logs\rank_10d50_5d50_top_tk5_h4_mp8_mv200000p0_amt20000p0_turn0p5_exit1_ser0p95.log,0.809985381980011,1.5399745268370684,0.21267192192496762,0.5670731707317073,499,492,2470,494,0.7227222334004028,0.002012072434607646,7,497
rank_10d50_5d50,200000.0,10000.0,0.3,5,4,8,rank_10d50_5d50,top,equal,0.98,,1,0.95,1,1.0,D:\work\quant\quant_mcp\quant\data_file\reports\strategy_agent_model_application_20260621\formal_5d10d_l5_candidate_grid_20260621\fusion_5d10d.db,D:\work\quant\quant_mcp\quant\data_file\reports\strategy_agent_model_application_20260621\formal_5d10d_l5_candidate_grid_20260621\fusion_5d10d_manifest.json,0,D:\work\quant\quant_mcp\quant\data_file\reports\strategy_agent_model_application_20260621\formal_5d10d_selection_refine_20260621\signals\rank_10d50_5d50_top_tk5_h4_mp8_mv200000p0_amt10000p0_turn0p3_exit1_ser0p95.csv,D:\work\quant\quant_mcp\quant\data_file\reports\strategy_agent_model_application_20260621\formal_5d10d_selection_refine_20260621\logs\rank_10d50_5d50_top_tk5_h4_mp8_mv200000p0_amt10000p0_turn0p3_exit1_ser0p95.log,0.9456503144038836,1.5381859143822814,0.20900178871633837,0.5682281059063137,498,491,2470,494,0.6991149698189143,0.002012072434607646,7,497
rank_10d60_5d40,200000.0,10000.0,0.3,5,4,8,rank_10d60_5d40,top,equal,0.98,,1,0.95,1,1.0,D:\work\quant\quant_mcp\quant\data_file\reports\strategy_agent_model_application_20260621\formal_5d10d_l5_candidate_grid_20260621\fusion_5d10d.db,D:\work\quant\quant_mcp\quant\data_file\reports\strategy_agent_model_application_20260621\formal_5d10d_l5_candidate_grid_20260621\fusion_5d10d_manifest.json,0,D:\work\quant\quant_mcp\quant\data_file\reports\strategy_agent_model_application_20260621\formal_5d10d_selection_refine_20260621\signals\rank_10d60_5d40_top_tk5_h4_mp8_mv200000p0_amt10000p0_turn0p3_exit1_ser0p95.csv,D:\work\quant\quant_mcp\quant\data_file\reports\strategy_agent_model_application_20260621\formal_5d10d_selection_refine_20260621\logs\rank_10d60_5d40_top_tk5_h4_mp8_mv200000p0_amt10000p0_turn0p3_exit1_ser0p95.log,1.2989013550755104,1.5358946315583877,0.24514045273581037,0.5682281059063137,499,491,2470,494,0.8316042575452722,0.8933601609657947,8,497
rank_10d90_5d10,200000.0,20000.0,0.5,5,4,8,rank_10d90_5d10,top,equal,0.98,,1,0.95,1,1.0,D:\work\quant\quant_mcp\quant\data_file\reports\strategy_agent_model_application_20260621\formal_5d10d_l5_candidate_grid_20260621\fusion_5d10d.db,D:\work\quant\quant_mcp\quant\data_file\reports\strategy_agent_model_application_20260621\formal_5d10d_l5_candidate_grid_20260621\fusion_5d10d_manifest.json,0,D:\work\quant\quant_mcp\quant\data_file\reports\strategy_agent_model_application_20260621\formal_5d10d_selection_refine_20260621\signals\rank_10d90_5d10_top_tk5_h4_mp8_mv200000p0_amt20000p0_turn0p5_exit1_ser0p95.csv,D:\work\quant\quant_mcp\quant\data_file\reports\strategy_agent_model_application_20260621\formal_5d10d_selection_refine_20260621\logs\rank_10d90_5d10_top_tk5_h4_mp8_mv200000p0_amt20000p0_turn0p5_exit1_ser0p95.log,1.0300772989840026,1.5153656303556622,0.24492608398753804,0.5813008130081301,499,492,2470,494,0.7681700985915494,0.3158953722334004,7,497
rank_10d80_5d20,200000.0,10000.0,0.3,5,4,8,rank_10d80_5d20,top,equal,0.98,,1,0.95,1,1.0,D:\work\quant\quant_mcp\quant\data_file\reports\strategy_agent_model_application_20260621\formal_5d10d_l5_candidate_grid_20260621\fusion_5d10d.db,D:\work\quant\quant_mcp\quant\data_file\reports\strategy_agent_model_application_20260621\formal_5d10d_l5_candidate_grid_20260621\fusion_5d10d_manifest.json,0,D:\work\quant\quant_mcp\quant\data_file\reports\strategy_agent_model_application_20260621\formal_5d10d_selection_refine_20260621\signals\rank_10d80_5d20_top_tk5_h4_mp8_mv200000p0_amt10000p0_turn0p3_exit1_ser0p95.csv,D:\work\quant\quant_mcp\quant\data_file\reports\strategy_agent_model_application_20260621\formal_5d10d_selection_refine_20260621\logs\rank_10d80_5d20_top_tk5_h4_mp8_mv200000p0_amt10000p0_turn0p3_exit1_ser0p95.log,0.9738066970007541,1.489261441242262,0.22746404602104006,0.5813008130081301,499,492,2470,494,0.7277053480885305,0.04627766599597585,7,497
rank_10d60_5d40,150000.0,10000.0,0.5,3,4,6,rank_10d60_5d40,top,equal,0.98,,1,0.95,1,1.0,D:\work\quant\quant_mcp\quant\data_file\reports\strategy_agent_model_application_20260621\formal_5d10d_l5_candidate_grid_20260621\fusion_5d10d.db,D:\work\quant\quant_mcp\quant\data_file\reports\strategy_agent_model_application_20260621\formal_5d10d_l5_candidate_grid_20260621\fusion_5d10d_manifest.json,0,D:\work\quant\quant_mcp\quant\data_file\reports\strategy_agent_model_application_20260621\formal_5d10d_selection_refine_20260621\signals\rank_10d60_5d40_top_tk3_h4_mp6_mv150000p0_amt10000p0_turn0p5_exit1_ser0p95.csv,D:\work\quant\quant_mcp\quant\data_file\reports\strategy_agent_model_application_20260621\formal_5d10d_selection_refine_20260621\logs\rank_10d60_5d40_top_tk3_h4_mp6_mv150000p0_amt10000p0_turn0p5_exit1_ser0p95.log,0.7083351115092186,1.4360584597118666,0.3315805856017094,0.5508274231678487,429,423,1312,493,0.5406528289738433,0.22535211267605634,6,497
rank_10d50_5d50,150000.0,10000.0,0.5,3,4,6,rank_10d50_5d50,top,equal,0.98,,1,0.95,1,1.0,D:\work\quant\quant_mcp\quant\data_file\reports\strategy_agent_model_application_20260621\formal_5d10d_l5_candidate_grid_20260621\fusion_5d10d.db,D:\work\quant\quant_mcp\quant\data_file\reports\strategy_agent_model_application_20260621\formal_5d10d_l5_candidate_grid_20260621\fusion_5d10d_manifest.json,0,D:\work\quant\quant_mcp\quant\data_file\reports\strategy_agent_model_application_20260621\formal_5d10d_selection_refine_20260621\signals\rank_10d50_5d50_top_tk3_h4_mp6_mv150000p0_amt10000p0_turn0p5_exit1_ser0p95.csv,D:\work\quant\quant_mcp\quant\data_file\reports\strategy_agent_model_application_20260621\formal_5d10d_selection_refine_20260621\logs\rank_10d50_5d50_top_tk3_h4_mp6_mv150000p0_amt10000p0_turn0p5_exit1_ser0p95.log,0.5784860618764648,1.4319701730962342,0.27492168746407175,0.5415676959619953,426,421,1312,493,0.5031394366197185,0.01609657947686117,5,497
rank_10d70_5d30,200000.0,10000.0,0.3,5,4,8,rank_10d70_5d30,top,equal,0.98,,1,0.95,1,1.0,D:\work\quant\quant_mcp\quant\data_file\reports\strategy_agent_model_application_20260621\formal_5d10d_l5_candidate_grid_20260621\fusion_5d10d.db,D:\work\quant\quant_mcp\quant\data_file\reports\strategy_agent_model_application_20260621\formal_5d10d_l5_candidate_grid_20260621\fusion_5d10d_manifest.json,0,D:\work\quant\quant_mcp\quant\data_file\reports\strategy_agent_model_application_20260621\formal_5d10d_selection_refine_20260621\signals\rank_10d70_5d30_top_tk5_h4_mp8_mv200000p0_amt10000p0_turn0p3_exit1_ser0p95.csv,D:\work\quant\quant_mcp\quant\data_file\reports\strategy_agent_model_application_20260621\formal_5d10d_selection_refine_20260621\logs\rank_10d70_5d30_top_tk5_h4_mp8_mv200000p0_amt10000p0_turn0p3_exit1_ser0p95.log,1.2064131767152324,1.4216213236251105,0.2701556274757977,0.5865580448065173,499,491,2470,494,0.8307785472837028,0.8832997987927566,8,497
rank_10d90_5d10,200000.0,10000.0,0.3,5,4,8,rank_10d90_5d10,top,equal,0.98,,1,0.95,1,1.0,D:\work\quant\quant_mcp\quant\data_file\reports\strategy_agent_model_application_20260621\formal_5d10d_l5_candidate_grid_20260621\fusion_5d10d.db,D:\work\quant\quant_mcp\quant\data_file\reports\strategy_agent_model_application_20260621\formal_5d10d_l5_candidate_grid_20260621\fusion_5d10d_manifest.json,0,D:\work\quant\quant_mcp\quant\data_file\reports\strategy_agent_model_application_20260621\formal_5d10d_selection_refine_20260621\signals\rank_10d90_5d10_top_tk5_h4_mp8_mv200000p0_amt10000p0_turn0p3_exit1_ser0p95.csv,D:\work\quant\quant_mcp\quant\data_file\reports\strategy_agent_model_application_20260621\formal_5d10d_selection_refine_20260621\logs\rank_10d90_5d10_top_tk5_h4_mp8_mv200000p0_amt10000p0_turn0p3_exit1_ser0p95.log,0.9196374999091109,1.4020443973885701,0.2523027361976275,0.5761316872427984,495,486,2470,494,0.7850725714285705,0.4124748490945674,8,497
rank_10d90_5d10,150000.0,10000.0,0.5,3,4,6,rank_10d90_5d10,top,equal,0.98,,1,0.95,1,1.0,D:\work\quant\quant_mcp\quant\data_file\reports\strategy_agent_model_application_20260621\formal_5d10d_l5_candidate_grid_20260621\fusion_5d10d.db,D:\work\quant\quant_mcp\quant\data_file\reports\strategy_agent_model_application_20260621\formal_5d10d_l5_candidate_grid_20260621\fusion_5d10d_manifest.json,0,D:\work\quant\quant_mcp\quant\data_file\reports\strategy_agent_model_application_20260621\formal_5d10d_selection_refine_20260621\signals\rank_10d90_5d10_top_tk3_h4_mp6_mv150000p0_amt10000p0_turn0p5_exit1_ser0p95.csv,D:\work\quant\quant_mcp\quant\data_file\reports\strategy_agent_model_application_20260621\formal_5d10d_selection_refine_20260621\logs\rank_10d90_5d10_top_tk3_h4_mp6_mv150000p0_amt10000p0_turn0p5_exit1_ser0p95.log,0.5602288608810976,1.3912827912208976,0.25738448700720773,0.5155875299760192,423,417,1312,493,0.4890637303822939,0.022132796780684104,6,497
rank_10d70_5d30,150000.0,10000.0,0.5,3,4,6,rank_10d70_5d30,top,equal,0.98,,1,0.95,1,1.0,D:\work\quant\quant_mcp\quant\data_file\reports\strategy_agent_model_application_20260621\formal_5d10d_l5_candidate_grid_20260621\fusion_5d10d.db,D:\work\quant\quant_mcp\quant\data_file\reports\strategy_agent_model_application_20260621\formal_5d10d_l5_candidate_grid_20260621\fusion_5d10d_manifest.json,0,D:\work\quant\quant_mcp\quant\data_file\reports\strategy_agent_model_application_20260621\formal_5d10d_selection_refine_20260621\signals\rank_10d70_5d30_top_tk3_h4_mp6_mv150000p0_amt10000p0_turn0p5_exit1_ser0p95.csv,D:\work\quant\quant_mcp\quant\data_file\reports\strategy_agent_model_application_20260621\formal_5d10d_selection_refine_20260621\logs\rank_10d70_5d30_top_tk3_h4_mp6_mv150000p0_amt10000p0_turn0p5_exit1_ser0p95.log,0.5845225220603096,1.3220041350523597,0.2993086959062314,0.5341463414634147,415,410,1312,493,0.4990164084507045,0.14084507042253522,5,497
rank_10d60_5d40,200000.0,20000.0,0.5,5,4,8,rank_10d60_5d40,top,equal,0.98,,1,0.95,1,1.0,D:\work\quant\quant_mcp\quant\data_file\reports\strategy_agent_model_application_20260621\formal_5d10d_l5_candidate_grid_20260621\fusion_5d10d.db,D:\work\quant\quant_mcp\quant\data_file\reports\strategy_agent_model_application_20260621\formal_5d10d_l5_candidate_grid_20260621\fusion_5d10d_manifest.json,0,D:\work\quant\quant_mcp\quant\data_file\reports\strategy_agent_model_application_20260621\formal_5d10d_selection_refine_20260621\signals\rank_10d60_5d40_top_tk5_h4_mp8_mv200000p0_amt20000p0_turn0p5_exit1_ser0p95.csv,D:\work\quant\quant_mcp\quant\data_file\reports\strategy_agent_model_application_20260621\formal_5d10d_selection_refine_20260621\logs\rank_10d60_5d40_top_tk5_h4_mp8_mv200000p0_amt20000p0_turn0p5_exit1_ser0p95.log,0.6434981036358347,1.252072539165643,0.22830529287266826,0.5752032520325203,499,492,2470,494,0.7254063360160965,0.002012072434607646,7,497
rank_10d80_5d20,150000.0,10000.0,0.5,3,4,6,rank_10d80_5d20,top,equal,0.98,,1,0.95,1,1.0,D:\work\quant\quant_mcp\quant\data_file\reports\strategy_agent_model_application_20260621\formal_5d10d_l5_candidate_grid_20260621\fusion_5d10d.db,D:\work\quant\quant_mcp\quant\data_file\reports\strategy_agent_model_application_20260621\formal_5d10d_l5_candidate_grid_20260621\fusion_5d10d_manifest.json,0,D:\work\quant\quant_mcp\quant\data_file\reports\strategy_agent_model_application_20260621\formal_5d10d_selection_refine_20260621\signals\rank_10d80_5d20_top_tk3_h4_mp6_mv150000p0_amt10000p0_turn0p5_exit1_ser0p95.csv,D:\work\quant\quant_mcp\quant\data_file\reports\strategy_agent_model_application_20260621\formal_5d10d_selection_refine_20260621\logs\rank_10d80_5d20_top_tk3_h4_mp6_mv150000p0_amt10000p0_turn0p5_exit1_ser0p95.log,0.46643105861031,1.2316920829701161,0.29448817714503156,0.5254237288135594,419,413,1312,493,0.4903969215291749,0.06237424547283702,6,497
rank_10d70_5d30,200000.0,20000.0,0.5,5,4,8,rank_10d70_5d30,top,equal,0.98,,1,0.95,1,1.0,D:\work\quant\quant_mcp\quant\data_file\reports\strategy_agent_model_application_20260621\formal_5d10d_l5_candidate_grid_20260621\fusion_5d10d.db,D:\work\quant\quant_mcp\quant\data_file\reports\strategy_agent_model_application_20260621\formal_5d10d_l5_candidate_grid_20260621\fusion_5d10d_manifest.json,0,D:\work\quant\quant_mcp\quant\data_file\reports\strategy_agent_model_application_20260621\formal_5d10d_selection_refine_20260621\signals\rank_10d70_5d30_top_tk5_h4_mp8_mv200000p0_amt20000p0_turn0p5_exit1_ser0p95.csv,D:\work\quant\quant_mcp\quant\data_file\reports\strategy_agent_model_application_20260621\formal_5d10d_selection_refine_20260621\logs\rank_10d70_5d30_top_tk5_h4_mp8_mv200000p0_amt20000p0_turn0p5_exit1_ser0p95.log,0.6618059701868099,1.1669616837634602,0.2605682384574721,0.5792682926829268,499,492,2470,494,0.7224898008048295,0.002012072434607646,7,497
rank_10d60_5d40,250000.0,30000.0,0.8,5,4,8,rank_10d60_5d40,top,equal,0.98,,1,0.95,1,1.0,D:\work\quant\quant_mcp\quant\data_file\reports\strategy_agent_model_application_20260621\formal_5d10d_l5_candidate_grid_20260621\fusion_5d10d.db,D:\work\quant\quant_mcp\quant\data_file\reports\strategy_agent_model_application_20260621\formal_5d10d_l5_candidate_grid_20260621\fusion_5d10d_manifest.json,0,D:\work\quant\quant_mcp\quant\data_file\reports\strategy_agent_model_application_20260621\formal_5d10d_selection_refine_20260621\signals\rank_10d60_5d40_top_tk5_h4_mp8_mv250000p0_amt30000p0_turn0p8_exit1_ser0p95.csv,D:\work\quant\quant_mcp\quant\data_file\reports\strategy_agent_model_application_20260621\formal_5d10d_selection_refine_20260621\logs\rank_10d60_5d40_top_tk5_h4_mp8_mv250000p0_amt30000p0_turn0p8_exit1_ser0p95.log,0.4364301222002024,0.8736143049438201,0.23815889333386855,0.5523613963039015,496,487,2470,494,0.750132659959759,0.2052313883299799,9,497
rank_10d50_5d50,300000.0,50000.0,1.0,8,4,10,rank_10d50_5d50,top,equal,0.98,,1,0.95,1,1.0,D:\work\quant\quant_mcp\quant\data_file\reports\strategy_agent_model_application_20260621\formal_5d10d_l5_candidate_grid_20260621\fusion_5d10d.db,D:\work\quant\quant_mcp\quant\data_file\reports\strategy_agent_model_application_20260621\formal_5d10d_l5_candidate_grid_20260621\fusion_5d10d_manifest.json,0,D:\work\quant\quant_mcp\quant\data_file\reports\strategy_agent_model_application_20260621\formal_5d10d_selection_refine_20260621\signals\rank_10d50_5d50_top_tk8_h4_mp10_mv300000p0_amt50000p0_turn1p0_exit1_ser0p95.csv,D:\work\quant\quant_mcp\quant\data_file\reports\strategy_agent_model_application_20260621\formal_5d10d_selection_refine_20260621\logs\rank_10d50_5d50_top_tk8_h4_mp10_mv300000p0_amt50000p0_turn1p0_exit1_ser0p95.log,0.40181244615568423,0.7982002938013156,0.25432746164492104,0.5360824742268041,498,485,3952,494,0.7932410040241445,0.2857142857142857,11,497
rank_10d70_5d30,250000.0,30000.0,0.8,5,4,8,rank_10d70_5d30,top,equal,0.98,,1,0.95,1,1.0,D:\work\quant\quant_mcp\quant\data_file\reports\strategy_agent_model_application_20260621\formal_5d10d_l5_candidate_grid_20260621\fusion_5d10d.db,D:\work\quant\quant_mcp\quant\data_file\reports\strategy_agent_model_application_20260621\formal_5d10d_l5_candidate_grid_20260621\fusion_5d10d_manifest.json,0,D:\work\quant\quant_mcp\quant\data_file\reports\strategy_agent_model_application_20260621\formal_5d10d_selection_refine_20260621\signals\rank_10d70_5d30_top_tk5_h4_mp8_mv250000p0_amt30000p0_turn0p8_exit1_ser0p95.csv,D:\work\quant\quant_mcp\quant\data_file\reports\strategy_agent_model_application_20260621\formal_5d10d_selection_refine_20260621\logs\rank_10d70_5d30_top_tk5_h4_mp8_mv250000p0_amt30000p0_turn0p8_exit1_ser0p95.log,0.3718517888771867,0.7665183948304098,0.2519063083660465,0.5512295081967213,498,488,2470,494,0.7515015794768607,0.2052313883299799,10,497
rank_10d90_5d10,250000.0,30000.0,0.8,5,4,8,rank_10d90_5d10,top,equal,0.98,,1,0.95,1,1.0,D:\work\quant\quant_mcp\quant\data_file\reports\strategy_agent_model_application_20260621\formal_5d10d_l5_candidate_grid_20260621\fusion_5d10d.db,D:\work\quant\quant_mcp\quant\data_file\reports\strategy_agent_model_application_20260621\formal_5d10d_l5_candidate_grid_20260621\fusion_5d10d_manifest.json,0,D:\work\quant\quant_mcp\quant\data_file\reports\strategy_agent_model_application_20260621\formal_5d10d_selection_refine_20260621\signals\rank_10d90_5d10_top_tk5_h4_mp8_mv250000p0_amt30000p0_turn0p8_exit1_ser0p95.csv,D:\work\quant\quant_mcp\quant\data_file\reports\strategy_agent_model_application_20260621\formal_5d10d_selection_refine_20260621\logs\rank_10d90_5d10_top_tk5_h4_mp8_mv250000p0_amt30000p0_turn0p8_exit1_ser0p95.log,0.3343039882844063,0.6929455523455802,0.23327875531375122,0.5430327868852459,498,488,2470,494,0.7504019959758554,0.20724346076458752,10,497
rank_10d50_5d50,250000.0,30000.0,0.8,5,4,8,rank_10d50_5d50,top,equal,0.98,,1,0.95,1,1.0,D:\work\quant\quant_mcp\quant\data_file\reports\strategy_agent_model_application_20260621\formal_5d10d_l5_candidate_grid_20260621\fusion_5d10d.db,D:\work\quant\quant_mcp\quant\data_file\reports\strategy_agent_model_application_20260621\formal_5d10d_l5_candidate_grid_20260621\fusion_5d10d_manifest.json,0,D:\work\quant\quant_mcp\quant\data_file\reports\strategy_agent_model_application_20260621\formal_5d10d_selection_refine_20260621\signals\rank_10d50_5d50_top_tk5_h4_mp8_mv250000p0_amt30000p0_turn0p8_exit1_ser0p95.csv,D:\work\quant\quant_mcp\quant\data_file\reports\strategy_agent_model_application_20260621\formal_5d10d_selection_refine_20260621\logs\rank_10d50_5d50_top_tk5_h4_mp8_mv250000p0_amt30000p0_turn0p8_exit1_ser0p95.log,0.28616859578517445,0.6667009589009001,0.23416817753075939,0.5185185185185185,496,486,2470,494,0.6911692173038225,0.07042253521126761,10,497
rank_10d70_5d30,300000.0,50000.0,1.0,8,4,10,rank_10d70_5d30,top,equal,0.98,,1,0.95,1,1.0,D:\work\quant\quant_mcp\quant\data_file\reports\strategy_agent_model_application_20260621\formal_5d10d_l5_candidate_grid_20260621\fusion_5d10d.db,D:\work\quant\quant_mcp\quant\data_file\reports\strategy_agent_model_application_20260621\formal_5d10d_l5_candidate_grid_20260621\fusion_5d10d_manifest.json,0,D:\work\quant\quant_mcp\quant\data_file\reports\strategy_agent_model_application_20260621\formal_5d10d_selection_refine_20260621\signals\rank_10d70_5d30_top_tk8_h4_mp10_mv300000p0_amt50000p0_turn1p0_exit1_ser0p95.csv,D:\work\quant\quant_mcp\quant\data_file\reports\strategy_agent_model_application_20260621\formal_5d10d_selection_refine_20260621\logs\rank_10d70_5d30_top_tk8_h4_mp10_mv300000p0_amt50000p0_turn1p0_exit1_ser0p95.log,0.3119323711816778,0.6618308540847679,0.254382992660827,0.5432098765432098,498,486,3952,494,0.7783864647887337,0.2012072434607646,11,497
rank_10d90_5d10,300000.0,50000.0,1.0,8,4,10,rank_10d90_5d10,top,equal,0.98,,1,0.95,1,1.0,D:\work\quant\quant_mcp\quant\data_file\reports\strategy_agent_model_application_20260621\formal_5d10d_l5_candidate_grid_20260621\fusion_5d10d.db,D:\work\quant\quant_mcp\quant\data_file\reports\strategy_agent_model_application_20260621\formal_5d10d_l5_candidate_grid_20260621\fusion_5d10d_manifest.json,0,D:\work\quant\quant_mcp\quant\data_file\reports\strategy_agent_model_application_20260621\formal_5d10d_selection_refine_20260621\signals\rank_10d90_5d10_top_tk8_h4_mp10_mv300000p0_amt50000p0_turn1p0_exit1_ser0p95.csv,D:\work\quant\quant_mcp\quant\data_file\reports\strategy_agent_model_application_20260621\formal_5d10d_selection_refine_20260621\logs\rank_10d90_5d10_top_tk8_h4_mp10_mv300000p0_amt50000p0_turn1p0_exit1_ser0p95.log,0.33542075561147605,0.6439647530067885,0.2613153501947425,0.5360824742268041,498,485,3952,494,0.788058464788732,0.2937625754527163,11,497
rank_10d80_5d20,300000.0,50000.0,1.0,8,4,10,rank_10d80_5d20,top,equal,0.98,,1,0.95,1,1.0,D:\work\quant\quant_mcp\quant\data_file\reports\strategy_agent_model_application_20260621\formal_5d10d_l5_candidate_grid_20260621\fusion_5d10d.db,D:\work\quant\quant_mcp\quant\data_file\reports\strategy_agent_model_application_20260621\formal_5d10d_l5_candidate_grid_20260621\fusion_5d10d_manifest.json,0,D:\work\quant\quant_mcp\quant\data_file\reports\strategy_agent_model_application_20260621\formal_5d10d_selection_refine_20260621\signals\rank_10d80_5d20_top_tk8_h4_mp10_mv300000p0_amt50000p0_turn1p0_exit1_ser0p95.csv,D:\work\quant\quant_mcp\quant\data_file\reports\strategy_agent_model_application_20260621\formal_5d10d_selection_refine_20260621\logs\rank_10d80_5d20_top_tk8_h4_mp10_mv300000p0_amt50000p0_turn1p0_exit1_ser0p95.log,0.31955965704053135,0.6406164495171875,0.25134781464110184,0.5308641975308642,498,486,3952,494,0.7783972937625744,0.19114688128772636,11,497
rank_10d60_5d40,300000.0,50000.0,1.0,8,4,10,rank_10d60_5d40,top,equal,0.98,,1,0.95,1,1.0,D:\work\quant\quant_mcp\quant\data_file\reports\strategy_agent_model_application_20260621\formal_5d10d_l5_candidate_grid_20260621\fusion_5d10d.db,D:\work\quant\quant_mcp\quant\data_file\reports\strategy_agent_model_application_20260621\formal_5d10d_l5_candidate_grid_20260621\fusion_5d10d_manifest.json,0,D:\work\quant\quant_mcp\quant\data_file\reports\strategy_agent_model_application_20260621\formal_5d10d_selection_refine_20260621\signals\rank_10d60_5d40_top_tk8_h4_mp10_mv300000p0_amt50000p0_turn1p0_exit1_ser0p95.csv,D:\work\quant\quant_mcp\quant\data_file\reports\strategy_agent_model_application_20260621\formal_5d10d_selection_refine_20260621\logs\rank_10d60_5d40_top_tk8_h4_mp10_mv300000p0_amt50000p0_turn1p0_exit1_ser0p95.log,0.29408995051727516,0.6117597904546408,0.24087952635007784,0.5298969072164949,498,485,3952,494,0.7918740462776659,0.2796780684104628,11,497
rank_10d80_5d20,250000.0,30000.0,0.8,5,4,8,rank_10d80_5d20,top,equal,0.98,,1,0.95,1,1.0,D:\work\quant\quant_mcp\quant\data_file\reports\strategy_agent_model_application_20260621\formal_5d10d_l5_candidate_grid_20260621\fusion_5d10d.db,D:\work\quant\quant_mcp\quant\data_file\reports\strategy_agent_model_application_20260621\formal_5d10d_l5_candidate_grid_20260621\fusion_5d10d_manifest.json,0,D:\work\quant\quant_mcp\quant\data_file\reports\strategy_agent_model_application_20260621\formal_5d10d_selection_refine_20260621\signals\rank_10d80_5d20_top_tk5_h4_mp8_mv250000p0_amt30000p0_turn0p8_exit1_ser0p95.csv,D:\work\quant\quant_mcp\quant\data_file\reports\strategy_agent_model_application_20260621\formal_5d10d_selection_refine_20260621\logs\rank_10d80_5d20_top_tk5_h4_mp8_mv250000p0_amt30000p0_turn0p8_exit1_ser0p95.log,0.24303140833172673,0.5398114983524457,0.24551855805664974,0.5195071868583162,497,487,2470,494,0.6886532736418505,0.06438631790744467,10,497
