name,eligible,disqualification_reason,mode,rank_max,pred_min,primary_count_min,avg_pred_min,max_positions,holding_days,target_pct,extra_env,returncode,signal_file,log_file,annual,sharpe,max_drawdown,win_ratio,open_count,close_count,signal_count,buy_days,avg_signal_target_pct,max_signal_target_pct,min_signal_target_pct,avg_invested_pct,ge80_ratio,max_active_positions,exposure_points
strongday_top5_mp5_t22_h7,True,,equal,5,,2,,5,7,0.22,,0,D:\work\quant\quant_mcp\quant\data_file\reports\strategy_agent_model_application_20260621\formal_5d10d_strong_signal_concentration_20260621\signals\strongday_top5_mp5_t22_h7.csv,D:\work\quant\quant_mcp\quant\data_file\reports\strategy_agent_model_application_20260621\formal_5d10d_strong_signal_concentration_20260621\logs\strongday_top5_mp5_t22_h7.log,2.1669983226424216,2.299982999010322,0.23461651921287496,0.5649867374005305,382,377,2022,409,0.220000000000011,0.22,0.22,0.6596747771084336,0.25903614457831325,5,498
strongday_top4_mp5_t225_h7,True,,equal,4,,2,,5,7,0.225,,0,D:\work\quant\quant_mcp\quant\data_file\reports\strategy_agent_model_application_20260621\formal_5d10d_strong_signal_concentration_20260621\signals\strongday_top4_mp5_t225_h7.csv,D:\work\quant\quant_mcp\quant\data_file\reports\strategy_agent_model_application_20260621\formal_5d10d_strong_signal_concentration_20260621\logs\strongday_top4_mp5_t225_h7.log,2.1025866381750427,2.4211456566691414,0.23941685842611224,0.5597826086956522,372,368,1636,409,0.22500000000000414,0.225,0.225,0.6312331726907631,0.15261044176706828,5,498
strongday_top5_mp5_t20_h7,True,,equal,5,,2,,5,7,0.2,,0,D:\work\quant\quant_mcp\quant\data_file\reports\strategy_agent_model_application_20260621\formal_5d10d_strong_signal_concentration_20260621\signals\strongday_top5_mp5_t20_h7.csv,D:\work\quant\quant_mcp\quant\data_file\reports\strategy_agent_model_application_20260621\formal_5d10d_strong_signal_concentration_20260621\logs\strongday_top5_mp5_t20_h7.log,2.0517817482474996,2.4143080631876574,0.21488649581128794,0.5649867374005305,382,377,2022,409,0.19999999999999288,0.2,0.2,0.6251910602409642,0.142570281124498,5,498
strongday_top4_mp5_t22_h7,True,,equal,4,,2,,5,7,0.22,,0,D:\work\quant\quant_mcp\quant\data_file\reports\strategy_agent_model_application_20260621\formal_5d10d_strong_signal_concentration_20260621\signals\strongday_top4_mp5_t22_h7.csv,D:\work\quant\quant_mcp\quant\data_file\reports\strategy_agent_model_application_20260621\formal_5d10d_strong_signal_concentration_20260621\logs\strongday_top4_mp5_t22_h7.log,2.0052758020763286,2.4265015241269983,0.2346196746424754,0.5597826086956522,372,368,1636,409,0.22000000000000713,0.22,0.22,0.6181074538152609,0.15261044176706828,5,498
strongday_top4_t22_exit105,True,,equal,4,,2,,5,7,0.22,GM_MAX_DAILY_SELLS=1;GM_MIN_HOLDING_DAYS_BEFORE_SCORE_EXIT=2;GM_SCORE_EXIT_ENTRY_RATIO=1.05,0,D:\work\quant\quant_mcp\quant\data_file\reports\strategy_agent_model_application_20260621\formal_5d10d_strong_signal_concentration_20260621\signals\strongday_top4_t22_exit105.csv,D:\work\quant\quant_mcp\quant\data_file\reports\strategy_agent_model_application_20260621\formal_5d10d_strong_signal_concentration_20260621\logs\strongday_top4_t22_exit105.log,2.0052758020763286,2.4265015241269983,0.2346196746424754,0.5597826086956522,372,368,1636,409,0.22000000000000713,0.22,0.22,0.6181074538152609,0.15261044176706828,5,498
strongday_top4_t22_sl06,True,,equal,4,,2,,5,7,0.22,GM_STOP_LOSS_PCT=0.06,0,D:\work\quant\quant_mcp\quant\data_file\reports\strategy_agent_model_application_20260621\formal_5d10d_strong_signal_concentration_20260621\signals\strongday_top4_t22_sl06.csv,D:\work\quant\quant_mcp\quant\data_file\reports\strategy_agent_model_application_20260621\formal_5d10d_strong_signal_concentration_20260621\logs\strongday_top4_t22_sl06.log,2.0052758020763286,2.4265015241269983,0.2346196746424754,0.5597826086956522,372,368,1636,409,0.22000000000000713,0.22,0.22,0.6181074538152609,0.15261044176706828,5,498
strongday_top4_t22_eqdd_loose,True,,equal,4,,2,,5,7,0.22,GM_EQUITY_DD_HARD_SCALE=0.85;GM_EQUITY_DD_HARD_TRIGGER=0.25;GM_EQUITY_DD_RECOVER_TRIGGER=0.05;GM_EQUITY_DD_RISK_MODE=1;GM_EQUITY_DD_SOFT_SCALE=0.95;GM_EQUITY_DD_SOFT_TRIGGER=0.15,0,D:\work\quant\quant_mcp\quant\data_file\reports\strategy_agent_model_application_20260621\formal_5d10d_strong_signal_concentration_20260621\signals\strongday_top4_t22_eqdd_loose.csv,D:\work\quant\quant_mcp\quant\data_file\reports\strategy_agent_model_application_20260621\formal_5d10d_strong_signal_concentration_20260621\logs\strongday_top4_t22_eqdd_loose.log,1.985181357207284,2.4371935381820933,0.23045501621292816,0.5597826086956522,372,368,1636,409,0.22000000000000713,0.22,0.22,0.6122873694779111,0.15261044176706828,5,498
strongday_top4_t22_eqdd_mild,True,,equal,4,,2,,5,7,0.22,GM_EQUITY_DD_HARD_SCALE=0.75;GM_EQUITY_DD_HARD_TRIGGER=0.18;GM_EQUITY_DD_RECOVER_TRIGGER=0.04;GM_EQUITY_DD_RISK_MODE=1;GM_EQUITY_DD_SOFT_SCALE=0.90;GM_EQUITY_DD_SOFT_TRIGGER=0.10,0,D:\work\quant\quant_mcp\quant\data_file\reports\strategy_agent_model_application_20260621\formal_5d10d_strong_signal_concentration_20260621\signals\strongday_top4_t22_eqdd_mild.csv,D:\work\quant\quant_mcp\quant\data_file\reports\strategy_agent_model_application_20260621\formal_5d10d_strong_signal_concentration_20260621\logs\strongday_top4_t22_eqdd_mild.log,1.9377017854792353,2.442175445924891,0.22513305145662693,0.5597826086956522,372,368,1636,409,0.22000000000000713,0.22,0.22,0.603353303212852,0.1285140562248996,5,498
base_10x10925,True,,equal,5,,,,10,7,0.10925,,0,D:\work\quant\quant_mcp\quant\data_file\reports\strategy_agent_model_application_20260621\formal_5d10d_strong_signal_concentration_20260621\signals\base_10x10925.csv,D:\work\quant\quant_mcp\quant\data_file\reports\strategy_agent_model_application_20260621\formal_5d10d_strong_signal_concentration_20260621\logs\base_10x10925.log,1.9275379307522482,1.8806074331516485,0.2209442732001819,0.6004098360655737,497,488,2436,494,0.10925000000000146,0.10925,0.10925,0.836569634538153,0.8253012048192772,9,498
strongday_top4_mp5_t215_h7,True,,equal,4,,2,,5,7,0.215,,0,D:\work\quant\quant_mcp\quant\data_file\reports\strategy_agent_model_application_20260621\formal_5d10d_strong_signal_concentration_20260621\signals\strongday_top4_mp5_t215_h7.csv,D:\work\quant\quant_mcp\quant\data_file\reports\strategy_agent_model_application_20260621\formal_5d10d_strong_signal_concentration_20260621\logs\strongday_top4_mp5_t215_h7.log,1.9144770716559676,2.4333491859282974,0.22971306750721354,0.5597826086956522,372,368,1636,409,0.21499999999999536,0.215,0.215,0.6048934176706827,0.1566265060240964,5,498
strongday_top4_mp5_t21_h7,True,,equal,4,,2,,5,7,0.21,,0,D:\work\quant\quant_mcp\quant\data_file\reports\strategy_agent_model_application_20260621\formal_5d10d_strong_signal_concentration_20260621\signals\strongday_top4_mp5_t21_h7.csv,D:\work\quant\quant_mcp\quant\data_file\reports\strategy_agent_model_application_20260621\formal_5d10d_strong_signal_concentration_20260621\logs\strongday_top4_mp5_t21_h7.log,1.8224989794611586,2.4384028811532845,0.22478358184235472,0.5597826086956522,372,368,1636,409,0.20999999999999674,0.21,0.21,0.5916055240963854,0.1566265060240964,5,498
strongday_top4_gap1010_t22_h7,True,,equal,4,,2,,5,7,0.22,,0,D:\work\quant\quant_mcp\quant\data_file\reports\strategy_agent_model_application_20260621\formal_5d10d_strong_signal_concentration_20260621\signals\strongday_top4_gap1010_t22_h7.csv,D:\work\quant\quant_mcp\quant\data_file\reports\strategy_agent_model_application_20260621\formal_5d10d_strong_signal_concentration_20260621\logs\strongday_top4_gap1010_t22_h7.log,1.7812619940358698,2.2528278143378975,0.2642717627972384,0.5779816513761468,331,327,1388,347,0.22000000000000353,0.22,0.22,0.6057672489959842,0.20281124497991967,5,498
strongday_top4_t22_idx_mild,True,,equal,4,,2,,5,7,0.22,GM_INDEX_RISK_BUY_SCALE=0.85;GM_INDEX_RISK_CC_THRESHOLD=-0.025;GM_INDEX_RISK_EXIT_MODE=1;GM_INDEX_RISK_INTRADAY_THRESHOLD=-0.025,0,D:\work\quant\quant_mcp\quant\data_file\reports\strategy_agent_model_application_20260621\formal_5d10d_strong_signal_concentration_20260621\signals\strongday_top4_t22_idx_mild.csv,D:\work\quant\quant_mcp\quant\data_file\reports\strategy_agent_model_application_20260621\formal_5d10d_strong_signal_concentration_20260621\logs\strongday_top4_t22_idx_mild.log,1.7420392793234705,2.245831161161523,0.30802986594100595,0.5577889447236181,402,398,1636,409,0.22000000000000713,0.22,0.22,0.5939943775100398,0.12650602409638553,5,498
strongday_top4_mp5_t20_h7,True,,equal,4,,2,,5,7,0.2,,0,D:\work\quant\quant_mcp\quant\data_file\reports\strategy_agent_model_application_20260621\formal_5d10d_strong_signal_concentration_20260621\signals\strongday_top4_mp5_t20_h7.csv,D:\work\quant\quant_mcp\quant\data_file\reports\strategy_agent_model_application_20260621\formal_5d10d_strong_signal_concentration_20260621\logs\strongday_top4_mp5_t20_h7.log,1.6469767003888627,2.4458967598429164,0.21490667093504848,0.5597826086956522,372,368,1636,409,0.19999999999999388,0.2,0.2,0.5652602530120484,0.07028112449799197,5,498
avg225_top5_mp5_t20_h7,True,,equal,5,,,2.25,5,7,0.2,,0,D:\work\quant\quant_mcp\quant\data_file\reports\strategy_agent_model_application_20260621\formal_5d10d_strong_signal_concentration_20260621\signals\avg225_top5_mp5_t20_h7.csv,D:\work\quant\quant_mcp\quant\data_file\reports\strategy_agent_model_application_20260621\formal_5d10d_strong_signal_concentration_20260621\logs\avg225_top5_mp5_t20_h7.log,1.589944975689926,2.264844387089683,0.2877610656001236,0.5636856368563685,373,369,1968,399,0.199999999999993,0.2,0.2,0.6187891405622493,0.14859437751004015,5,498
strongday_top5_mp5_t18_h7,True,,equal,5,,2,,5,7,0.18,,0,D:\work\quant\quant_mcp\quant\data_file\reports\strategy_agent_model_application_20260621\formal_5d10d_strong_signal_concentration_20260621\signals\strongday_top5_mp5_t18_h7.csv,D:\work\quant\quant_mcp\quant\data_file\reports\strategy_agent_model_application_20260621\formal_5d10d_strong_signal_concentration_20260621\logs\strongday_top5_mp5_t18_h7.log,1.5715570355883088,2.037276173106996,0.3526876934184187,0.5826972010178118,398,393,2022,409,0.18000000000000554,0.18,0.18,0.6522912329317274,0.0963855421686747,5,498
avg230_top5_mp5_t22_h7,True,,equal,5,,,2.3,5,7,0.22,,0,D:\work\quant\quant_mcp\quant\data_file\reports\strategy_agent_model_application_20260621\formal_5d10d_strong_signal_concentration_20260621\signals\avg230_top5_mp5_t22_h7.csv,D:\work\quant\quant_mcp\quant\data_file\reports\strategy_agent_model_application_20260621\formal_5d10d_strong_signal_concentration_20260621\logs\avg230_top5_mp5_t22_h7.log,1.5421718880205892,2.0215446122566876,0.3130250359736459,0.559228650137741,367,363,1948,395,0.22000000000001035,0.22,0.22,0.643322046184739,0.25301204819277107,5,498
strongday_top4_t22_idx_loose,True,,equal,4,,2,,5,7,0.22,GM_INDEX_RISK_BUY_SCALE=0.85;GM_INDEX_RISK_CC_THRESHOLD=-0.035;GM_INDEX_RISK_EXIT_MODE=1;GM_INDEX_RISK_INTRADAY_THRESHOLD=-0.035,0,D:\work\quant\quant_mcp\quant\data_file\reports\strategy_agent_model_application_20260621\formal_5d10d_strong_signal_concentration_20260621\signals\strongday_top4_t22_idx_loose.csv,D:\work\quant\quant_mcp\quant\data_file\reports\strategy_agent_model_application_20260621\formal_5d10d_strong_signal_concentration_20260621\logs\strongday_top4_t22_idx_loose.log,1.5010503535888986,2.0457847722649154,0.2948620994709439,0.5616797900262467,385,381,1636,409,0.22000000000000713,0.22,0.22,0.6070612891566272,0.15863453815261044,5,498
strongday_top3_mp5_t20_h7,True,,equal,3,,2,,5,7,0.2,,0,D:\work\quant\quant_mcp\quant\data_file\reports\strategy_agent_model_application_20260621\formal_5d10d_strong_signal_concentration_20260621\signals\strongday_top3_mp5_t20_h7.csv,D:\work\quant\quant_mcp\quant\data_file\reports\strategy_agent_model_application_20260621\formal_5d10d_strong_signal_concentration_20260621\logs\strongday_top3_mp5_t20_h7.log,1.4994556459164718,2.445690095787126,0.2207395406342902,0.5670391061452514,362,358,1227,409,0.1999999999999956,0.2,0.2,0.5444889718875497,0.06224899598393574,4,498
strongday_top5_t22_idx_loose,True,,equal,5,,2,,5,7,0.22,GM_INDEX_RISK_BUY_SCALE=0.85;GM_INDEX_RISK_CC_THRESHOLD=-0.035;GM_INDEX_RISK_EXIT_MODE=1;GM_INDEX_RISK_INTRADAY_THRESHOLD=-0.035,0,D:\work\quant\quant_mcp\quant\data_file\reports\strategy_agent_model_application_20260621\formal_5d10d_strong_signal_concentration_20260621\signals\strongday_top5_t22_idx_loose.csv,D:\work\quant\quant_mcp\quant\data_file\reports\strategy_agent_model_application_20260621\formal_5d10d_strong_signal_concentration_20260621\logs\strongday_top5_t22_idx_loose.log,1.3628938631531855,1.8799417319526035,0.2948146275210456,0.5569948186528497,390,386,2022,409,0.220000000000011,0.22,0.22,0.6497935020080319,0.26907630522088355,5,498
strongday_top5_t20_idx_loose,True,,equal,5,,2,,5,7,0.2,GM_INDEX_RISK_BUY_SCALE=0.85;GM_INDEX_RISK_CC_THRESHOLD=-0.035;GM_INDEX_RISK_EXIT_MODE=1;GM_INDEX_RISK_INTRADAY_THRESHOLD=-0.035,0,D:\work\quant\quant_mcp\quant\data_file\reports\strategy_agent_model_application_20260621\formal_5d10d_strong_signal_concentration_20260621\signals\strongday_top5_t20_idx_loose.csv,D:\work\quant\quant_mcp\quant\data_file\reports\strategy_agent_model_application_20260621\formal_5d10d_strong_signal_concentration_20260621\logs\strongday_top5_t20_idx_loose.log,1.3385380590453797,1.9132171032668153,0.26996002856979684,0.5615384615384615,395,390,2022,409,0.19999999999999288,0.2,0.2,0.6254695240963858,0.1646586345381526,5,498
strongday_top3_mp5_t30_h7,True,,equal,3,,2,,5,7,0.3,,0,D:\work\quant\quant_mcp\quant\data_file\reports\strategy_agent_model_application_20260621\formal_5d10d_strong_signal_concentration_20260621\signals\strongday_top3_mp5_t30_h7.csv,D:\work\quant\quant_mcp\quant\data_file\reports\strategy_agent_model_application_20260621\formal_5d10d_strong_signal_concentration_20260621\logs\strongday_top3_mp5_t30_h7.log,1.3342671793535903,1.8548129477952975,0.3652980342029477,0.5686274509803921,310,306,1227,409,0.3000000000000067,0.3,0.3,0.6077980883534136,0.25903614457831325,4,498
avg235_top5_mp5_t25_h7,True,,equal,5,,,2.35,5,7,0.25,,0,D:\work\quant\quant_mcp\quant\data_file\reports\strategy_agent_model_application_20260621\formal_5d10d_strong_signal_concentration_20260621\signals\avg235_top5_mp5_t25_h7.csv,D:\work\quant\quant_mcp\quant\data_file\reports\strategy_agent_model_application_20260621\formal_5d10d_strong_signal_concentration_20260621\logs\avg235_top5_mp5_t25_h7.log,1.2867586187728477,2.1455002625754434,0.3121604615604688,0.575,284,280,1847,374,0.25,0.25,0.25,0.48419066265060245,0.018072289156626505,4,498
top3_mp6_t17_h7,True,,equal,3,,,,6,7,0.17,,0,D:\work\quant\quant_mcp\quant\data_file\reports\strategy_agent_model_application_20260621\formal_5d10d_strong_signal_concentration_20260621\signals\top3_mp6_t17_h7.csv,D:\work\quant\quant_mcp\quant\data_file\reports\strategy_agent_model_application_20260621\formal_5d10d_strong_signal_concentration_20260621\logs\top3_mp6_t17_h7.log,1.230988241183914,1.6958788155320343,0.24231456250224342,0.5595505617977528,450,445,1482,494,0.1699999999999946,0.17,0.17,0.640607433734939,0.07228915662650602,5,498
strongday_top5_mp5_t20_h8,True,,equal,5,,2,,5,8,0.2,,0,D:\work\quant\quant_mcp\quant\data_file\reports\strategy_agent_model_application_20260621\formal_5d10d_strong_signal_concentration_20260621\signals\strongday_top5_mp5_t20_h8.csv,D:\work\quant\quant_mcp\quant\data_file\reports\strategy_agent_model_application_20260621\formal_5d10d_strong_signal_concentration_20260621\logs\strongday_top5_mp5_t20_h8.log,1.1503863952968054,1.6828864040096245,0.3156410058335142,0.5533707865168539,362,356,2022,409,0.19999999999999288,0.2,0.2,0.659713487951807,0.178714859437751,6,498
strongday_top3_mp5_t25_h7,True,,equal,3,,2,,5,7,0.25,,0,D:\work\quant\quant_mcp\quant\data_file\reports\strategy_agent_model_application_20260621\formal_5d10d_strong_signal_concentration_20260621\signals\strongday_top3_mp5_t25_h7.csv,D:\work\quant\quant_mcp\quant\data_file\reports\strategy_agent_model_application_20260621\formal_5d10d_strong_signal_concentration_20260621\logs\strongday_top3_mp5_t25_h7.log,1.1422756747592286,2.0978242797308626,0.31203381050825296,0.5570032573289903,312,307,1227,409,0.25,0.25,0.25,0.517480973895582,0.018072289156626505,4,498
avg225_top3_mp5_t20_h7,True,,equal,3,,,2.25,5,7,0.2,,0,D:\work\quant\quant_mcp\quant\data_file\reports\strategy_agent_model_application_20260621\formal_5d10d_strong_signal_concentration_20260621\signals\avg225_top3_mp5_t20_h7.csv,D:\work\quant\quant_mcp\quant\data_file\reports\strategy_agent_model_application_20260621\formal_5d10d_strong_signal_concentration_20260621\logs\avg225_top3_mp5_t20_h7.log,1.125932128682156,2.1056227330847648,0.29688573885462455,0.5568181818181818,356,352,1197,399,0.19999999999999576,0.2,0.2,0.5431412610441768,0.0642570281124498,4,498
strongday_top4_avg2490_t22_h7,True,,equal,4,,2,,5,7,0.22,,0,D:\work\quant\quant_mcp\quant\data_file\reports\strategy_agent_model_application_20260621\formal_5d10d_strong_signal_concentration_20260621\signals\strongday_top4_avg2490_t22_h7.csv,D:\work\quant\quant_mcp\quant\data_file\reports\strategy_agent_model_application_20260621\formal_5d10d_strong_signal_concentration_20260621\logs\strongday_top4_avg2490_t22_h7.log,1.1201760521612099,2.0844060396494952,0.17080165990408358,0.5855855855855856,222,222,932,233,0.21999999999999897,0.22,0.22,0.4153949216867468,0.11847389558232932,5,498
strongday_top4_r3p1990_t22_h7,True,,equal,4,,2,,5,7,0.22,,0,D:\work\quant\quant_mcp\quant\data_file\reports\strategy_agent_model_application_20260621\formal_5d10d_strong_signal_concentration_20260621\signals\strongday_top4_r3p1990_t22_h7.csv,D:\work\quant\quant_mcp\quant\data_file\reports\strategy_agent_model_application_20260621\formal_5d10d_strong_signal_concentration_20260621\logs\strongday_top4_r3p1990_t22_h7.log,1.089736553806919,1.7427444254913569,0.22501614903306116,0.5892857142857143,284,280,1100,275,0.21999999999999897,0.22,0.22,0.5748388614457838,0.24899598393574296,5,498
top4_mp6_t17_h7,True,,equal,4,,,,6,7,0.17,,0,D:\work\quant\quant_mcp\quant\data_file\reports\strategy_agent_model_application_20260621\formal_5d10d_strong_signal_concentration_20260621\signals\top4_mp6_t17_h7.csv,D:\work\quant\quant_mcp\quant\data_file\reports\strategy_agent_model_application_20260621\formal_5d10d_strong_signal_concentration_20260621\logs\top4_mp6_t17_h7.log,1.0801268980223258,1.5490471972465278,0.26232947332786555,0.5572354211663066,468,463,1974,494,0.16999999999999957,0.17,0.17,0.6830199337349396,0.0963855421686747,6,498
strongday_top5_mp5_t20_h6,True,,equal,5,,2,,5,6,0.2,,0,D:\work\quant\quant_mcp\quant\data_file\reports\strategy_agent_model_application_20260621\formal_5d10d_strong_signal_concentration_20260621\signals\strongday_top5_mp5_t20_h6.csv,D:\work\quant\quant_mcp\quant\data_file\reports\strategy_agent_model_application_20260621\formal_5d10d_strong_signal_concentration_20260621\logs\strongday_top5_mp5_t20_h6.log,1.0285890242126718,1.9702417037686766,0.30901959557746256,0.5456989247311828,377,372,2022,409,0.19999999999999288,0.2,0.2,0.5586201807228912,0.07228915662650602,5,498
top3_mp5_t20_h5,True,,equal,3,,,,5,5,0.2,,0,D:\work\quant\quant_mcp\quant\data_file\reports\strategy_agent_model_application_20260621\formal_5d10d_strong_signal_concentration_20260621\signals\top3_mp5_t20_h5.csv,D:\work\quant\quant_mcp\quant\data_file\reports\strategy_agent_model_application_20260621\formal_5d10d_strong_signal_concentration_20260621\logs\top3_mp5_t20_h5.log,0.8687383153024291,1.4416298496454965,0.28433709637507915,0.5617977528089888,449,445,1482,494,0.19999999999999443,0.2,0.2,0.5941659678714857,0.04216867469879518,4,498
strongday_top3_mp5_t20_h5,True,,equal,3,,2,,5,5,0.2,,0,D:\work\quant\quant_mcp\quant\data_file\reports\strategy_agent_model_application_20260621\formal_5d10d_strong_signal_concentration_20260621\signals\strongday_top3_mp5_t20_h5.csv,D:\work\quant\quant_mcp\quant\data_file\reports\strategy_agent_model_application_20260621\formal_5d10d_strong_signal_concentration_20260621\logs\strongday_top3_mp5_t20_h5.log,0.8562911681820088,1.7545153610061173,0.31875377153538675,0.5555555555555556,391,387,1227,409,0.1999999999999956,0.2,0.2,0.5272889337349392,0.050200803212851405,4,498
strongday_top4_r4p1985_t22_h7,True,,equal,4,,2,,5,7,0.22,,0,D:\work\quant\quant_mcp\quant\data_file\reports\strategy_agent_model_application_20260621\formal_5d10d_strong_signal_concentration_20260621\signals\strongday_top4_r4p1985_t22_h7.csv,D:\work\quant\quant_mcp\quant\data_file\reports\strategy_agent_model_application_20260621\formal_5d10d_strong_signal_concentration_20260621\logs\strongday_top4_r4p1985_t22_h7.log,0.8336848875880942,1.507695023095993,0.26276767814040763,0.5714285714285714,280,280,1204,301,0.2199999999999999,0.22,0.22,0.4955954598393573,0.10843373493975904,5,498
strongday_top4_gap1005_t22_h7,True,,equal,4,,2,,5,7,0.22,,0,D:\work\quant\quant_mcp\quant\data_file\reports\strategy_agent_model_application_20260621\formal_5d10d_strong_signal_concentration_20260621\signals\strongday_top4_gap1005_t22_h7.csv,D:\work\quant\quant_mcp\quant\data_file\reports\strategy_agent_model_application_20260621\formal_5d10d_strong_signal_concentration_20260621\logs\strongday_top4_gap1005_t22_h7.log,0.7790735051570289,1.433196281319837,0.24179549251465915,0.5431654676258992,282,278,1096,274,0.21999999999999897,0.22,0.22,0.5682058373493973,0.22690763052208834,5,498
top3_mp5_t20_h7,True,,equal,3,,,,5,7,0.2,,0,D:\work\quant\quant_mcp\quant\data_file\reports\strategy_agent_model_application_20260621\formal_5d10d_strong_signal_concentration_20260621\signals\top3_mp5_t20_h7.csv,D:\work\quant\quant_mcp\quant\data_file\reports\strategy_agent_model_application_20260621\formal_5d10d_strong_signal_concentration_20260621\logs\top3_mp5_t20_h7.log,0.7457165253111555,1.3336420489547895,0.3541794105105145,0.5534441805225653,425,421,1482,494,0.19999999999999443,0.2,0.2,0.6026319658634536,0.04216867469879518,4,498
strongday_top4_r4p1990_t22_h7,True,,equal,4,,2,,5,7,0.22,,0,D:\work\quant\quant_mcp\quant\data_file\reports\strategy_agent_model_application_20260621\formal_5d10d_strong_signal_concentration_20260621\signals\strongday_top4_r4p1990_t22_h7.csv,D:\work\quant\quant_mcp\quant\data_file\reports\strategy_agent_model_application_20260621\formal_5d10d_strong_signal_concentration_20260621\logs\strongday_top4_r4p1990_t22_h7.log,0.7224842382460559,1.59922200387993,0.20018910849790306,0.5656108597285068,221,221,808,202,0.219999999999999,0.22,0.22,0.4576895020080318,0.21285140562248997,5,498
strongday_top4_avg2493_t22_h7,True,,equal,4,,2,,5,7,0.22,,0,D:\work\quant\quant_mcp\quant\data_file\reports\strategy_agent_model_application_20260621\formal_5d10d_strong_signal_concentration_20260621\signals\strongday_top4_avg2493_t22_h7.csv,D:\work\quant\quant_mcp\quant\data_file\reports\strategy_agent_model_application_20260621\formal_5d10d_strong_signal_concentration_20260621\logs\strongday_top4_avg2493_t22_h7.log,0.6895455372808604,1.7972452698313452,0.1399532515403914,0.6022727272727273,176,176,680,170,0.21999999999999903,0.22,0.22,0.36446657028112456,0.1465863453815261,4,498
primary_top3_mp5_t20_h5,True,,equal,3,2.0,,,5,5,0.2,,0,D:\work\quant\quant_mcp\quant\data_file\reports\strategy_agent_model_application_20260621\formal_5d10d_strong_signal_concentration_20260621\signals\primary_top3_mp5_t20_h5.csv,D:\work\quant\quant_mcp\quant\data_file\reports\strategy_agent_model_application_20260621\formal_5d10d_strong_signal_concentration_20260621\logs\primary_top3_mp5_t20_h5.log,0.5626520917929637,1.7617524518089709,0.25884027899135265,0.5620689655172414,295,290,902,493,0.19999999999999812,0.2,0.2,0.34238058634538165,0.01606425702811245,4,498
top2_mp5_t25_h7,True,,equal,2,,,,5,7,0.25,,0,D:\work\quant\quant_mcp\quant\data_file\reports\strategy_agent_model_application_20260621\formal_5d10d_strong_signal_concentration_20260621\signals\top2_mp5_t25_h7.csv,D:\work\quant\quant_mcp\quant\data_file\reports\strategy_agent_model_application_20260621\formal_5d10d_strong_signal_concentration_20260621\logs\top2_mp5_t25_h7.log,0.5200149423229355,1.1493184513676646,0.29918758256411404,0.5463576158940397,306,302,988,494,0.25,0.25,0.25,0.46994651606425625,0.010040160642570281,4,498
primary_top2_mp5_t25_h7,True,,equal,2,2.0,,,5,7,0.25,,0,D:\work\quant\quant_mcp\quant\data_file\reports\strategy_agent_model_application_20260621\formal_5d10d_strong_signal_concentration_20260621\signals\primary_top2_mp5_t25_h7.csv,D:\work\quant\quant_mcp\quant\data_file\reports\strategy_agent_model_application_20260621\formal_5d10d_strong_signal_concentration_20260621\logs\primary_top2_mp5_t25_h7.log,0.48285143126473606,1.2808699214926198,0.2577485767656322,0.5375939849624061,270,266,902,493,0.25,0.25,0.25,0.40807926506024117,0.004016064257028112,4,498
top1_mp3_t33_h7,True,,equal,1,,,,3,7,0.33,,0,D:\work\quant\quant_mcp\quant\data_file\reports\strategy_agent_model_application_20260621\formal_5d10d_strong_signal_concentration_20260621\signals\top1_mp3_t33_h7.csv,D:\work\quant\quant_mcp\quant\data_file\reports\strategy_agent_model_application_20260621\formal_5d10d_strong_signal_concentration_20260621\logs\top1_mp3_t33_h7.log,0.3987385571355879,1.2244198576560505,0.19484892386541044,0.5154639175257731,197,194,494,494,0.3300000000000015,0.33,0.33,0.37603103614457845,0.012048192771084338,3,498
primary_top3_mp5_t20_h7,True,,equal,3,2.0,,,5,7,0.2,,0,D:\work\quant\quant_mcp\quant\data_file\reports\strategy_agent_model_application_20260621\formal_5d10d_strong_signal_concentration_20260621\signals\primary_top3_mp5_t20_h7.csv,D:\work\quant\quant_mcp\quant\data_file\reports\strategy_agent_model_application_20260621\formal_5d10d_strong_signal_concentration_20260621\logs\primary_top3_mp5_t20_h7.log,0.3703108420123597,1.1902156392056775,0.2357783911535734,0.521311475409836,309,305,902,493,0.19999999999999812,0.2,0.2,0.3907621124497995,0.014056224899598393,4,498
strongday3_top5_mp5_t20_h7,True,,equal,5,,3,,5,7,0.2,,1,D:\work\quant\quant_mcp\quant\data_file\reports\strategy_agent_model_application_20260621\formal_5d10d_strong_signal_concentration_20260621\signals\strongday3_top5_mp5_t20_h7.csv,D:\work\quant\quant_mcp\quant\data_file\reports\strategy_agent_model_application_20260621\formal_5d10d_strong_signal_concentration_20260621\logs\strongday3_top5_mp5_t20_h7.log,,,,,,,0,0,,,,,,,0
strongday3_top5_mp5_t25_h7,True,,equal,5,,3,,5,7,0.25,,1,D:\work\quant\quant_mcp\quant\data_file\reports\strategy_agent_model_application_20260621\formal_5d10d_strong_signal_concentration_20260621\signals\strongday3_top5_mp5_t25_h7.csv,D:\work\quant\quant_mcp\quant\data_file\reports\strategy_agent_model_application_20260621\formal_5d10d_strong_signal_concentration_20260621\logs\strongday3_top5_mp5_t25_h7.log,,,,,,,0,0,,,,,,,0
strongday3_top4_mp5_t25_h7,True,,equal,4,,3,,5,7,0.25,,1,D:\work\quant\quant_mcp\quant\data_file\reports\strategy_agent_model_application_20260621\formal_5d10d_strong_signal_concentration_20260621\signals\strongday3_top4_mp5_t25_h7.csv,D:\work\quant\quant_mcp\quant\data_file\reports\strategy_agent_model_application_20260621\formal_5d10d_strong_signal_concentration_20260621\logs\strongday3_top4_mp5_t25_h7.log,,,,,,,0,0,,,,,,,0
