base_name,signal_file,score_db,score_table,max_positions,holding_days,max_daily_sells,open_score_exit,continue_ratio,source_signal_file,scaled_signal_file,log_file,returncode,annual,sharpe,max_drawdown,win_ratio,open_count,close_count,signal_count,buy_days,avg_invested_pct,ge80_ratio,max_active_positions,exposure_points,score_exit_ratio,max_holding_days
rank_10d50_5d50,D:\work\quant\quant_mcp\quant\data_file\reports\strategy_agent_model_application_20260621\formal_5d10d_l5_candidate_grid_20260621\signals\rank_10d50_5d50_top_tk5_h5_mp8_mv200000p0_amt20000p0_turn0p5_atrnone.csv,D:\work\quant\quant_mcp\quant\data_file\reports\strategy_agent_model_application_20260621\formal_5d10d_l5_candidate_grid_20260621\fusion_5d10d.db,rank_10d50_5d50,10,4,1,0,1.0,D:\work\quant\quant_mcp\quant\data_file\reports\strategy_agent_model_application_20260621\formal_5d10d_l5_candidate_grid_20260621\signals\rank_10d50_5d50_top_tk5_h5_mp8_mv200000p0_amt20000p0_turn0p5_atrnone.csv,D:\work\quant\quant_mcp\quant\data_file\reports\strategy_agent_model_application_20260621\formal_5d10d_execution_refine_20260621\signals\rank_10d50_5d50_mp10_h4_sells1_exit0_cont1p0_mh4.csv,D:\work\quant\quant_mcp\quant\data_file\reports\strategy_agent_model_application_20260621\formal_5d10d_execution_refine_20260621\logs\rank_10d50_5d50_mp10_h4_sells1_exit0_cont1p0_mh4.log,0,1.1315547115904223,1.7362334039434864,0.20324587050012416,0.5831622176591376,498,487,2470,494,0.7723023038229376,0.13883299798792756,10,497,,
rank_10d80_5d20,D:\work\quant\quant_mcp\quant\data_file\reports\strategy_agent_model_application_20260621\formal_5d10d_l5_candidate_grid_20260621\signals\rank_10d80_5d20_top_tk5_h5_mp8_mv200000p0_amt20000p0_turn0p5_atrnone.csv,D:\work\quant\quant_mcp\quant\data_file\reports\strategy_agent_model_application_20260621\formal_5d10d_l5_candidate_grid_20260621\fusion_5d10d.db,rank_10d80_5d20,8,5,2,0,1.0,D:\work\quant\quant_mcp\quant\data_file\reports\strategy_agent_model_application_20260621\formal_5d10d_l5_candidate_grid_20260621\signals\rank_10d80_5d20_top_tk5_h5_mp8_mv200000p0_amt20000p0_turn0p5_atrnone.csv,D:\work\quant\quant_mcp\quant\data_file\reports\strategy_agent_model_application_20260621\formal_5d10d_execution_refine_20260621\signals\rank_10d80_5d20_mp8_h5_sells2_exit0_cont1p0_mh5.csv,D:\work\quant\quant_mcp\quant\data_file\reports\strategy_agent_model_application_20260621\formal_5d10d_execution_refine_20260621\logs\rank_10d80_5d20_mp8_h5_sells2_exit0_cont1p0_mh5.log,0,0.935971508043643,1.6376125558012022,0.20455086376447565,0.567398119122257,644,638,2470,494,0.6343681750503014,0.07243460764587525,8,497,,
rank_10d50_5d50,D:\work\quant\quant_mcp\quant\data_file\reports\strategy_agent_model_application_20260621\formal_5d10d_l5_candidate_grid_20260621\signals\rank_10d50_5d50_top_tk5_h5_mp8_mv200000p0_amt20000p0_turn0p5_atrnone.csv,D:\work\quant\quant_mcp\quant\data_file\reports\strategy_agent_model_application_20260621\formal_5d10d_l5_candidate_grid_20260621\fusion_5d10d.db,rank_10d50_5d50,8,5,1,1,1.0,D:\work\quant\quant_mcp\quant\data_file\reports\strategy_agent_model_application_20260621\formal_5d10d_l5_candidate_grid_20260621\signals\rank_10d50_5d50_top_tk5_h5_mp8_mv200000p0_amt20000p0_turn0p5_atrnone.csv,D:\work\quant\quant_mcp\quant\data_file\reports\strategy_agent_model_application_20260621\formal_5d10d_execution_refine_20260621\signals\rank_10d50_5d50_mp8_h5_sells1_exit1_cont1p0_mh5.csv,D:\work\quant\quant_mcp\quant\data_file\reports\strategy_agent_model_application_20260621\formal_5d10d_execution_refine_20260621\logs\rank_10d50_5d50_mp8_h5_sells1_exit1_cont1p0_mh5.log,0,1.1167328390888105,1.632049960308943,0.22148283831727997,0.573469387755102,497,490,2470,494,0.8022150442655934,0.635814889336016,8,497,0.95,
rank_10d80_5d20,D:\work\quant\quant_mcp\quant\data_file\reports\strategy_agent_model_application_20260621\formal_5d10d_l5_candidate_grid_20260621\signals\rank_10d80_5d20_top_tk5_h5_mp8_mv200000p0_amt20000p0_turn0p5_atrnone.csv,D:\work\quant\quant_mcp\quant\data_file\reports\strategy_agent_model_application_20260621\formal_5d10d_l5_candidate_grid_20260621\fusion_5d10d.db,rank_10d80_5d20,8,5,1,1,1.0,D:\work\quant\quant_mcp\quant\data_file\reports\strategy_agent_model_application_20260621\formal_5d10d_l5_candidate_grid_20260621\signals\rank_10d80_5d20_top_tk5_h5_mp8_mv200000p0_amt20000p0_turn0p5_atrnone.csv,D:\work\quant\quant_mcp\quant\data_file\reports\strategy_agent_model_application_20260621\formal_5d10d_execution_refine_20260621\signals\rank_10d80_5d20_mp8_h5_sells1_exit1_cont1p0_mh5.csv,D:\work\quant\quant_mcp\quant\data_file\reports\strategy_agent_model_application_20260621\formal_5d10d_execution_refine_20260621\logs\rank_10d80_5d20_mp8_h5_sells1_exit1_cont1p0_mh5.log,0,1.277429683229925,1.625583895113438,0.21548379554841388,0.5824847250509165,498,491,2470,494,0.8129851790744465,0.6639839034205232,8,497,0.95,
rank_10d80_5d20,D:\work\quant\quant_mcp\quant\data_file\reports\strategy_agent_model_application_20260621\formal_5d10d_l5_candidate_grid_20260621\signals\rank_10d80_5d20_top_tk5_h5_mp8_mv200000p0_amt20000p0_turn0p5_atrnone.csv,D:\work\quant\quant_mcp\quant\data_file\reports\strategy_agent_model_application_20260621\formal_5d10d_l5_candidate_grid_20260621\fusion_5d10d.db,rank_10d80_5d20,8,4,1,0,1.0,D:\work\quant\quant_mcp\quant\data_file\reports\strategy_agent_model_application_20260621\formal_5d10d_l5_candidate_grid_20260621\signals\rank_10d80_5d20_top_tk5_h5_mp8_mv200000p0_amt20000p0_turn0p5_atrnone.csv,D:\work\quant\quant_mcp\quant\data_file\reports\strategy_agent_model_application_20260621\formal_5d10d_execution_refine_20260621\signals\rank_10d80_5d20_mp8_h4_sells1_exit0_cont1p0_mh4.csv,D:\work\quant\quant_mcp\quant\data_file\reports\strategy_agent_model_application_20260621\formal_5d10d_execution_refine_20260621\logs\rank_10d80_5d20_mp8_h4_sells1_exit0_cont1p0_mh4.log,0,1.2495441791097992,1.6161367428400646,0.21548868037014676,0.5836734693877551,497,490,2470,494,0.8129549356136825,0.670020120724346,7,497,,
rank_10d50_5d50,D:\work\quant\quant_mcp\quant\data_file\reports\strategy_agent_model_application_20260621\formal_5d10d_l5_candidate_grid_20260621\signals\rank_10d50_5d50_top_tk5_h5_mp8_mv200000p0_amt20000p0_turn0p5_atrnone.csv,D:\work\quant\quant_mcp\quant\data_file\reports\strategy_agent_model_application_20260621\formal_5d10d_l5_candidate_grid_20260621\fusion_5d10d.db,rank_10d50_5d50,8,4,1,0,1.0,D:\work\quant\quant_mcp\quant\data_file\reports\strategy_agent_model_application_20260621\formal_5d10d_l5_candidate_grid_20260621\signals\rank_10d50_5d50_top_tk5_h5_mp8_mv200000p0_amt20000p0_turn0p5_atrnone.csv,D:\work\quant\quant_mcp\quant\data_file\reports\strategy_agent_model_application_20260621\formal_5d10d_execution_refine_20260621\signals\rank_10d50_5d50_mp8_h4_sells1_exit0_cont1p0_mh4.csv,D:\work\quant\quant_mcp\quant\data_file\reports\strategy_agent_model_application_20260621\formal_5d10d_execution_refine_20260621\logs\rank_10d50_5d50_mp8_h4_sells1_exit0_cont1p0_mh4.log,0,1.0499276288560044,1.6001479922389295,0.2218048638223161,0.5725971370143149,496,489,2470,494,0.8020197887323943,0.635814889336016,8,497,,
rank_10d50_5d50,D:\work\quant\quant_mcp\quant\data_file\reports\strategy_agent_model_application_20260621\formal_5d10d_l5_candidate_grid_20260621\signals\rank_10d50_5d50_top_tk5_h5_mp8_mv200000p0_amt20000p0_turn0p5_atrnone.csv,D:\work\quant\quant_mcp\quant\data_file\reports\strategy_agent_model_application_20260621\formal_5d10d_l5_candidate_grid_20260621\fusion_5d10d.db,rank_10d50_5d50,8,5,1,0,0.98,D:\work\quant\quant_mcp\quant\data_file\reports\strategy_agent_model_application_20260621\formal_5d10d_l5_candidate_grid_20260621\signals\rank_10d50_5d50_top_tk5_h5_mp8_mv200000p0_amt20000p0_turn0p5_atrnone.csv,D:\work\quant\quant_mcp\quant\data_file\reports\strategy_agent_model_application_20260621\formal_5d10d_execution_refine_20260621\signals\rank_10d50_5d50_mp8_h5_sells1_exit0_cont0p98_mh7.csv,D:\work\quant\quant_mcp\quant\data_file\reports\strategy_agent_model_application_20260621\formal_5d10d_execution_refine_20260621\logs\rank_10d50_5d50_mp8_h5_sells1_exit0_cont0p98_mh7.log,0,1.0362491514980534,1.5809763749418497,0.22125905844045024,0.5737704918032787,495,488,2470,494,0.8016711931589529,0.635814889336016,8,497,,7
rank_10d60_5d40,D:\work\quant\quant_mcp\quant\data_file\reports\strategy_agent_model_application_20260621\formal_5d10d_l5_candidate_grid_20260621\signals\rank_10d60_5d40_top_tk5_h5_mp10_mv200000p0_amt20000p0_turn0p5_atrnone.csv,D:\work\quant\quant_mcp\quant\data_file\reports\strategy_agent_model_application_20260621\formal_5d10d_l5_candidate_grid_20260621\fusion_5d10d.db,rank_10d60_5d40,10,4,1,0,1.0,D:\work\quant\quant_mcp\quant\data_file\reports\strategy_agent_model_application_20260621\formal_5d10d_l5_candidate_grid_20260621\signals\rank_10d60_5d40_top_tk5_h5_mp10_mv200000p0_amt20000p0_turn0p5_atrnone.csv,D:\work\quant\quant_mcp\quant\data_file\reports\strategy_agent_model_application_20260621\formal_5d10d_execution_refine_20260621\signals\rank_10d60_5d40_mp10_h4_sells1_exit0_cont1p0_mh4.csv,D:\work\quant\quant_mcp\quant\data_file\reports\strategy_agent_model_application_20260621\formal_5d10d_execution_refine_20260621\logs\rank_10d60_5d40_mp10_h4_sells1_exit0_cont1p0_mh4.log,0,1.1202207297606095,1.5440062042253548,0.22859321630788787,0.5877551020408164,500,490,2470,494,0.8534992696177067,0.8631790744466801,10,497,,
rank_10d50_5d50,D:\work\quant\quant_mcp\quant\data_file\reports\strategy_agent_model_application_20260621\formal_5d10d_l5_candidate_grid_20260621\signals\rank_10d50_5d50_top_tk5_h5_mp8_mv200000p0_amt20000p0_turn0p5_atrnone.csv,D:\work\quant\quant_mcp\quant\data_file\reports\strategy_agent_model_application_20260621\formal_5d10d_l5_candidate_grid_20260621\fusion_5d10d.db,rank_10d50_5d50,7,5,1,0,1.0,D:\work\quant\quant_mcp\quant\data_file\reports\strategy_agent_model_application_20260621\formal_5d10d_l5_candidate_grid_20260621\signals\rank_10d50_5d50_top_tk5_h5_mp8_mv200000p0_amt20000p0_turn0p5_atrnone.csv,D:\work\quant\quant_mcp\quant\data_file\reports\strategy_agent_model_application_20260621\formal_5d10d_execution_refine_20260621\signals\rank_10d50_5d50_mp7_h5_sells1_exit0_cont1p0_mh5.csv,D:\work\quant\quant_mcp\quant\data_file\reports\strategy_agent_model_application_20260621\formal_5d10d_execution_refine_20260621\logs\rank_10d50_5d50_mp7_h5_sells1_exit0_cont1p0_mh5.log,0,0.9607129181908463,1.4845993718095007,0.24396308555685103,0.5685071574642127,496,489,2470,494,0.8249452354124751,0.9517102615694165,7,497,,
rank_10d80_5d20,D:\work\quant\quant_mcp\quant\data_file\reports\strategy_agent_model_application_20260621\formal_5d10d_l5_candidate_grid_20260621\signals\rank_10d80_5d20_top_tk5_h5_mp8_mv200000p0_amt20000p0_turn0p5_atrnone.csv,D:\work\quant\quant_mcp\quant\data_file\reports\strategy_agent_model_application_20260621\formal_5d10d_l5_candidate_grid_20260621\fusion_5d10d.db,rank_10d80_5d20,10,4,1,0,1.0,D:\work\quant\quant_mcp\quant\data_file\reports\strategy_agent_model_application_20260621\formal_5d10d_l5_candidate_grid_20260621\signals\rank_10d80_5d20_top_tk5_h5_mp8_mv200000p0_amt20000p0_turn0p5_atrnone.csv,D:\work\quant\quant_mcp\quant\data_file\reports\strategy_agent_model_application_20260621\formal_5d10d_execution_refine_20260621\signals\rank_10d80_5d20_mp10_h4_sells1_exit0_cont1p0_mh4.csv,D:\work\quant\quant_mcp\quant\data_file\reports\strategy_agent_model_application_20260621\formal_5d10d_execution_refine_20260621\logs\rank_10d80_5d20_mp10_h4_sells1_exit0_cont1p0_mh4.log,0,0.9957822390289209,1.4831283876779322,0.2484637721771371,0.5725971370143149,498,489,2470,494,0.8136361388329966,0.6116700201207244,10,497,,
rank_10d80_5d20,D:\work\quant\quant_mcp\quant\data_file\reports\strategy_agent_model_application_20260621\formal_5d10d_l5_candidate_grid_20260621\signals\rank_10d80_5d20_top_tk5_h5_mp8_mv200000p0_amt20000p0_turn0p5_atrnone.csv,D:\work\quant\quant_mcp\quant\data_file\reports\strategy_agent_model_application_20260621\formal_5d10d_l5_candidate_grid_20260621\fusion_5d10d.db,rank_10d80_5d20,8,5,0,0,1.0,D:\work\quant\quant_mcp\quant\data_file\reports\strategy_agent_model_application_20260621\formal_5d10d_l5_candidate_grid_20260621\signals\rank_10d80_5d20_top_tk5_h5_mp8_mv200000p0_amt20000p0_turn0p5_atrnone.csv,D:\work\quant\quant_mcp\quant\data_file\reports\strategy_agent_model_application_20260621\formal_5d10d_execution_refine_20260621\signals\rank_10d80_5d20_mp8_h5_sells0_exit0_cont1p0_mh5.csv,D:\work\quant\quant_mcp\quant\data_file\reports\strategy_agent_model_application_20260621\formal_5d10d_execution_refine_20260621\logs\rank_10d80_5d20_mp8_h5_sells0_exit0_cont1p0_mh5.log,0,0.8399675774597882,1.3396365640409136,0.22688992011078724,0.5697674418604651,695,688,2470,494,0.6779466498993968,0.18712273641851107,8,497,,
rank_10d60_5d40,D:\work\quant\quant_mcp\quant\data_file\reports\strategy_agent_model_application_20260621\formal_5d10d_l5_candidate_grid_20260621\signals\rank_10d60_5d40_top_tk5_h5_mp10_mv200000p0_amt20000p0_turn0p5_atrnone.csv,D:\work\quant\quant_mcp\quant\data_file\reports\strategy_agent_model_application_20260621\formal_5d10d_l5_candidate_grid_20260621\fusion_5d10d.db,rank_10d60_5d40,8,5,1,1,1.0,D:\work\quant\quant_mcp\quant\data_file\reports\strategy_agent_model_application_20260621\formal_5d10d_l5_candidate_grid_20260621\signals\rank_10d60_5d40_top_tk5_h5_mp10_mv200000p0_amt20000p0_turn0p5_atrnone.csv,D:\work\quant\quant_mcp\quant\data_file\reports\strategy_agent_model_application_20260621\formal_5d10d_execution_refine_20260621\signals\rank_10d60_5d40_mp8_h5_sells1_exit1_cont1p0_mh5.csv,D:\work\quant\quant_mcp\quant\data_file\reports\strategy_agent_model_application_20260621\formal_5d10d_execution_refine_20260621\logs\rank_10d60_5d40_mp8_h5_sells1_exit1_cont1p0_mh5.log,0,0.8062666212149059,1.298988328577851,0.2842664974710865,0.5787321063394683,497,489,2470,494,0.7591711951710266,0.317907444668008,8,497,0.95,
rank_10d60_5d40,D:\work\quant\quant_mcp\quant\data_file\reports\strategy_agent_model_application_20260621\formal_5d10d_l5_candidate_grid_20260621\signals\rank_10d60_5d40_top_tk5_h5_mp10_mv200000p0_amt20000p0_turn0p5_atrnone.csv,D:\work\quant\quant_mcp\quant\data_file\reports\strategy_agent_model_application_20260621\formal_5d10d_l5_candidate_grid_20260621\fusion_5d10d.db,rank_10d60_5d40,8,4,1,0,1.0,D:\work\quant\quant_mcp\quant\data_file\reports\strategy_agent_model_application_20260621\formal_5d10d_l5_candidate_grid_20260621\signals\rank_10d60_5d40_top_tk5_h5_mp10_mv200000p0_amt20000p0_turn0p5_atrnone.csv,D:\work\quant\quant_mcp\quant\data_file\reports\strategy_agent_model_application_20260621\formal_5d10d_execution_refine_20260621\signals\rank_10d60_5d40_mp8_h4_sells1_exit0_cont1p0_mh4.csv,D:\work\quant\quant_mcp\quant\data_file\reports\strategy_agent_model_application_20260621\formal_5d10d_execution_refine_20260621\logs\rank_10d60_5d40_mp8_h4_sells1_exit0_cont1p0_mh4.log,0,0.7538488834474864,1.2659807624244277,0.28423280327194933,0.5778688524590164,496,488,2470,494,0.7590783943661972,0.317907444668008,8,497,,
rank_10d60_5d40,D:\work\quant\quant_mcp\quant\data_file\reports\strategy_agent_model_application_20260621\formal_5d10d_l5_candidate_grid_20260621\signals\rank_10d60_5d40_top_tk5_h5_mp10_mv200000p0_amt20000p0_turn0p5_atrnone.csv,D:\work\quant\quant_mcp\quant\data_file\reports\strategy_agent_model_application_20260621\formal_5d10d_l5_candidate_grid_20260621\fusion_5d10d.db,rank_10d60_5d40,8,5,1,0,0.98,D:\work\quant\quant_mcp\quant\data_file\reports\strategy_agent_model_application_20260621\formal_5d10d_l5_candidate_grid_20260621\signals\rank_10d60_5d40_top_tk5_h5_mp10_mv200000p0_amt20000p0_turn0p5_atrnone.csv,D:\work\quant\quant_mcp\quant\data_file\reports\strategy_agent_model_application_20260621\formal_5d10d_execution_refine_20260621\signals\rank_10d60_5d40_mp8_h5_sells1_exit0_cont0p98_mh7.csv,D:\work\quant\quant_mcp\quant\data_file\reports\strategy_agent_model_application_20260621\formal_5d10d_execution_refine_20260621\logs\rank_10d60_5d40_mp8_h5_sells1_exit0_cont0p98_mh7.log,0,0.7346005472609015,1.2468116473688446,0.28416255264040996,0.5684647302904564,490,482,2470,494,0.7639314748490951,0.33601609657947684,8,497,,7
rank_10d60_5d40,D:\work\quant\quant_mcp\quant\data_file\reports\strategy_agent_model_application_20260621\formal_5d10d_l5_candidate_grid_20260621\signals\rank_10d60_5d40_top_tk5_h5_mp10_mv200000p0_amt20000p0_turn0p5_atrnone.csv,D:\work\quant\quant_mcp\quant\data_file\reports\strategy_agent_model_application_20260621\formal_5d10d_l5_candidate_grid_20260621\fusion_5d10d.db,rank_10d60_5d40,6,5,1,0,1.0,D:\work\quant\quant_mcp\quant\data_file\reports\strategy_agent_model_application_20260621\formal_5d10d_l5_candidate_grid_20260621\signals\rank_10d60_5d40_top_tk5_h5_mp10_mv200000p0_amt20000p0_turn0p5_atrnone.csv,D:\work\quant\quant_mcp\quant\data_file\reports\strategy_agent_model_application_20260621\formal_5d10d_execution_refine_20260621\signals\rank_10d60_5d40_mp6_h5_sells1_exit0_cont1p0_mh5.csv,D:\work\quant\quant_mcp\quant\data_file\reports\strategy_agent_model_application_20260621\formal_5d10d_execution_refine_20260621\logs\rank_10d60_5d40_mp6_h5_sells1_exit0_cont1p0_mh5.log,0,0.8732332819238349,1.2096460342747901,0.30959596785915866,0.5316973415132924,495,489,2470,494,0.8049776921529181,0.89738430583501,6,497,,
rank_10d60_5d40,D:\work\quant\quant_mcp\quant\data_file\reports\strategy_agent_model_application_20260621\formal_5d10d_l5_candidate_grid_20260621\signals\rank_10d60_5d40_top_tk5_h5_mp10_mv200000p0_amt20000p0_turn0p5_atrnone.csv,D:\work\quant\quant_mcp\quant\data_file\reports\strategy_agent_model_application_20260621\formal_5d10d_l5_candidate_grid_20260621\fusion_5d10d.db,rank_10d60_5d40,7,5,1,0,1.0,D:\work\quant\quant_mcp\quant\data_file\reports\strategy_agent_model_application_20260621\formal_5d10d_l5_candidate_grid_20260621\signals\rank_10d60_5d40_top_tk5_h5_mp10_mv200000p0_amt20000p0_turn0p5_atrnone.csv,D:\work\quant\quant_mcp\quant\data_file\reports\strategy_agent_model_application_20260621\formal_5d10d_execution_refine_20260621\signals\rank_10d60_5d40_mp7_h5_sells1_exit0_cont1p0_mh5.csv,D:\work\quant\quant_mcp\quant\data_file\reports\strategy_agent_model_application_20260621\formal_5d10d_execution_refine_20260621\logs\rank_10d60_5d40_mp7_h5_sells1_exit0_cont1p0_mh5.log,0,0.7579152395361971,1.2039038084166915,0.26061742334279603,0.5766871165644172,496,489,2470,494,0.8277300925553318,0.9678068410462777,7,497,,
rank_10d50_5d50,D:\work\quant\quant_mcp\quant\data_file\reports\strategy_agent_model_application_20260621\formal_5d10d_l5_candidate_grid_20260621\signals\rank_10d50_5d50_top_tk5_h5_mp8_mv200000p0_amt20000p0_turn0p5_atrnone.csv,D:\work\quant\quant_mcp\quant\data_file\reports\strategy_agent_model_application_20260621\formal_5d10d_l5_candidate_grid_20260621\fusion_5d10d.db,rank_10d50_5d50,6,5,1,0,1.0,D:\work\quant\quant_mcp\quant\data_file\reports\strategy_agent_model_application_20260621\formal_5d10d_l5_candidate_grid_20260621\signals\rank_10d50_5d50_top_tk5_h5_mp8_mv200000p0_amt20000p0_turn0p5_atrnone.csv,D:\work\quant\quant_mcp\quant\data_file\reports\strategy_agent_model_application_20260621\formal_5d10d_execution_refine_20260621\signals\rank_10d50_5d50_mp6_h5_sells1_exit0_cont1p0_mh5.csv,D:\work\quant\quant_mcp\quant\data_file\reports\strategy_agent_model_application_20260621\formal_5d10d_execution_refine_20260621\logs\rank_10d50_5d50_mp6_h5_sells1_exit0_cont1p0_mh5.log,0,0.790460498637846,1.1970941339750965,0.287891770894141,0.5491803278688525,494,488,2470,494,0.7266991891348088,0.43259557344064387,6,497,,
rank_10d80_5d20,D:\work\quant\quant_mcp\quant\data_file\reports\strategy_agent_model_application_20260621\formal_5d10d_l5_candidate_grid_20260621\signals\rank_10d80_5d20_top_tk5_h5_mp8_mv200000p0_amt20000p0_turn0p5_atrnone.csv,D:\work\quant\quant_mcp\quant\data_file\reports\strategy_agent_model_application_20260621\formal_5d10d_l5_candidate_grid_20260621\fusion_5d10d.db,rank_10d80_5d20,8,5,1,0,0.98,D:\work\quant\quant_mcp\quant\data_file\reports\strategy_agent_model_application_20260621\formal_5d10d_l5_candidate_grid_20260621\signals\rank_10d80_5d20_top_tk5_h5_mp8_mv200000p0_amt20000p0_turn0p5_atrnone.csv,D:\work\quant\quant_mcp\quant\data_file\reports\strategy_agent_model_application_20260621\formal_5d10d_execution_refine_20260621\signals\rank_10d80_5d20_mp8_h5_sells1_exit0_cont0p98_mh7.csv,D:\work\quant\quant_mcp\quant\data_file\reports\strategy_agent_model_application_20260621\formal_5d10d_execution_refine_20260621\logs\rank_10d80_5d20_mp8_h5_sells1_exit0_cont0p98_mh7.log,0,0.5795332567535859,1.1529353596323826,0.22573785991258316,0.5756302521008403,483,476,2470,494,0.7181837062374243,0.056338028169014086,8,497,,7
rank_10d50_5d50,D:\work\quant\quant_mcp\quant\data_file\reports\strategy_agent_model_application_20260621\formal_5d10d_l5_candidate_grid_20260621\signals\rank_10d50_5d50_top_tk5_h5_mp8_mv200000p0_amt20000p0_turn0p5_atrnone.csv,D:\work\quant\quant_mcp\quant\data_file\reports\strategy_agent_model_application_20260621\formal_5d10d_l5_candidate_grid_20260621\fusion_5d10d.db,rank_10d50_5d50,8,5,0,0,1.0,D:\work\quant\quant_mcp\quant\data_file\reports\strategy_agent_model_application_20260621\formal_5d10d_l5_candidate_grid_20260621\signals\rank_10d50_5d50_top_tk5_h5_mp8_mv200000p0_amt20000p0_turn0p5_atrnone.csv,D:\work\quant\quant_mcp\quant\data_file\reports\strategy_agent_model_application_20260621\formal_5d10d_execution_refine_20260621\signals\rank_10d50_5d50_mp8_h5_sells0_exit0_cont1p0_mh5.csv,D:\work\quant\quant_mcp\quant\data_file\reports\strategy_agent_model_application_20260621\formal_5d10d_execution_refine_20260621\logs\rank_10d50_5d50_mp8_h5_sells0_exit0_cont1p0_mh5.log,0,0.5717479849214804,1.1500032686018278,0.24030092829915095,0.5585738539898133,596,589,2470,494,0.5904298329979882,0.10261569416498995,8,497,,
rank_10d50_5d50,D:\work\quant\quant_mcp\quant\data_file\reports\strategy_agent_model_application_20260621\formal_5d10d_l5_candidate_grid_20260621\signals\rank_10d50_5d50_top_tk5_h5_mp8_mv200000p0_amt20000p0_turn0p5_atrnone.csv,D:\work\quant\quant_mcp\quant\data_file\reports\strategy_agent_model_application_20260621\formal_5d10d_l5_candidate_grid_20260621\fusion_5d10d.db,rank_10d50_5d50,8,5,2,0,1.0,D:\work\quant\quant_mcp\quant\data_file\reports\strategy_agent_model_application_20260621\formal_5d10d_l5_candidate_grid_20260621\signals\rank_10d50_5d50_top_tk5_h5_mp8_mv200000p0_amt20000p0_turn0p5_atrnone.csv,D:\work\quant\quant_mcp\quant\data_file\reports\strategy_agent_model_application_20260621\formal_5d10d_execution_refine_20260621\signals\rank_10d50_5d50_mp8_h5_sells2_exit0_cont1p0_mh5.csv,D:\work\quant\quant_mcp\quant\data_file\reports\strategy_agent_model_application_20260621\formal_5d10d_execution_refine_20260621\logs\rank_10d50_5d50_mp8_h5_sells2_exit0_cont1p0_mh5.log,0,0.625199974732447,1.1302184536201723,0.2189534663685882,0.5687679083094556,706,698,2470,494,0.7071744708249488,0.193158953722334,8,497,,
rank_10d60_5d40,D:\work\quant\quant_mcp\quant\data_file\reports\strategy_agent_model_application_20260621\formal_5d10d_l5_candidate_grid_20260621\signals\rank_10d60_5d40_top_tk5_h5_mp10_mv200000p0_amt20000p0_turn0p5_atrnone.csv,D:\work\quant\quant_mcp\quant\data_file\reports\strategy_agent_model_application_20260621\formal_5d10d_l5_candidate_grid_20260621\fusion_5d10d.db,rank_10d60_5d40,8,5,0,0,1.0,D:\work\quant\quant_mcp\quant\data_file\reports\strategy_agent_model_application_20260621\formal_5d10d_l5_candidate_grid_20260621\signals\rank_10d60_5d40_top_tk5_h5_mp10_mv200000p0_amt20000p0_turn0p5_atrnone.csv,D:\work\quant\quant_mcp\quant\data_file\reports\strategy_agent_model_application_20260621\formal_5d10d_execution_refine_20260621\signals\rank_10d60_5d40_mp8_h5_sells0_exit0_cont1p0_mh5.csv,D:\work\quant\quant_mcp\quant\data_file\reports\strategy_agent_model_application_20260621\formal_5d10d_execution_refine_20260621\logs\rank_10d60_5d40_mp8_h5_sells0_exit0_cont1p0_mh5.log,0,0.5798246706549016,1.0884093091024218,0.22285551265093903,0.552755905511811,642,635,2470,494,0.6364974466800808,0.08048289738430583,8,497,,
rank_10d60_5d40,D:\work\quant\quant_mcp\quant\data_file\reports\strategy_agent_model_application_20260621\formal_5d10d_l5_candidate_grid_20260621\signals\rank_10d60_5d40_top_tk5_h5_mp10_mv200000p0_amt20000p0_turn0p5_atrnone.csv,D:\work\quant\quant_mcp\quant\data_file\reports\strategy_agent_model_application_20260621\formal_5d10d_l5_candidate_grid_20260621\fusion_5d10d.db,rank_10d60_5d40,8,5,2,0,1.0,D:\work\quant\quant_mcp\quant\data_file\reports\strategy_agent_model_application_20260621\formal_5d10d_l5_candidate_grid_20260621\signals\rank_10d60_5d40_top_tk5_h5_mp10_mv200000p0_amt20000p0_turn0p5_atrnone.csv,D:\work\quant\quant_mcp\quant\data_file\reports\strategy_agent_model_application_20260621\formal_5d10d_execution_refine_20260621\signals\rank_10d60_5d40_mp8_h5_sells2_exit0_cont1p0_mh5.csv,D:\work\quant\quant_mcp\quant\data_file\reports\strategy_agent_model_application_20260621\formal_5d10d_execution_refine_20260621\logs\rank_10d60_5d40_mp8_h5_sells2_exit0_cont1p0_mh5.log,0,0.5826236834654918,1.0745400337082538,0.2408104019421919,0.542319749216301,646,638,2470,494,0.6461072032193161,0.06438631790744467,8,497,,
rank_10d80_5d20,D:\work\quant\quant_mcp\quant\data_file\reports\strategy_agent_model_application_20260621\formal_5d10d_l5_candidate_grid_20260621\signals\rank_10d80_5d20_top_tk5_h5_mp8_mv200000p0_amt20000p0_turn0p5_atrnone.csv,D:\work\quant\quant_mcp\quant\data_file\reports\strategy_agent_model_application_20260621\formal_5d10d_l5_candidate_grid_20260621\fusion_5d10d.db,rank_10d80_5d20,6,5,1,0,1.0,D:\work\quant\quant_mcp\quant\data_file\reports\strategy_agent_model_application_20260621\formal_5d10d_l5_candidate_grid_20260621\signals\rank_10d80_5d20_top_tk5_h5_mp8_mv200000p0_amt20000p0_turn0p5_atrnone.csv,D:\work\quant\quant_mcp\quant\data_file\reports\strategy_agent_model_application_20260621\formal_5d10d_execution_refine_20260621\signals\rank_10d80_5d20_mp6_h5_sells1_exit0_cont1p0_mh5.csv,D:\work\quant\quant_mcp\quant\data_file\reports\strategy_agent_model_application_20260621\formal_5d10d_execution_refine_20260621\logs\rank_10d80_5d20_mp6_h5_sells1_exit0_cont1p0_mh5.log,0,0.6679883209457332,1.026177718083545,0.2867210223321986,0.556237218813906,495,489,2470,494,0.8053000784708252,0.9054325955734407,6,497,,
rank_10d80_5d20,D:\work\quant\quant_mcp\quant\data_file\reports\strategy_agent_model_application_20260621\formal_5d10d_l5_candidate_grid_20260621\signals\rank_10d80_5d20_top_tk5_h5_mp8_mv200000p0_amt20000p0_turn0p5_atrnone.csv,D:\work\quant\quant_mcp\quant\data_file\reports\strategy_agent_model_application_20260621\formal_5d10d_l5_candidate_grid_20260621\fusion_5d10d.db,rank_10d80_5d20,7,5,1,0,1.0,D:\work\quant\quant_mcp\quant\data_file\reports\strategy_agent_model_application_20260621\formal_5d10d_l5_candidate_grid_20260621\signals\rank_10d80_5d20_top_tk5_h5_mp8_mv200000p0_amt20000p0_turn0p5_atrnone.csv,D:\work\quant\quant_mcp\quant\data_file\reports\strategy_agent_model_application_20260621\formal_5d10d_execution_refine_20260621\signals\rank_10d80_5d20_mp7_h5_sells1_exit0_cont1p0_mh5.csv,D:\work\quant\quant_mcp\quant\data_file\reports\strategy_agent_model_application_20260621\formal_5d10d_execution_refine_20260621\logs\rank_10d80_5d20_mp7_h5_sells1_exit0_cont1p0_mh5.log,0,0.5363783163263688,1.0139804367090945,0.3005866653245075,0.5705521472392638,495,489,2470,494,0.7543407303822939,0.4426559356136821,7,497,,
