name,rules_json,returncode,signal_file,log_file,annual,sharpe,max_drawdown,win_ratio,open_count,close_count,signal_count,buy_days,avg_signal_target_pct,max_signal_target_pct,avg_day_target_sum,min_day_target_sum,avg_invested_pct,ge80_ratio,max_active_positions,exposure_points
gap_t0p03_g1p08_b0p82,"[{""field"": ""pred_gap"", ""op"": ""lt"", ""scale"": 1.08, ""threshold"": 0.03}, {""field"": ""pred_gap"", ""lower"": 0.05, ""op"": ""between"", ""scale"": 0.82, ""upper"": 0.1}]",0,D:\work\quant\quant_mcp\quant\data_file\reports\strategy_agent_model_application_20260621\formal_5d10d_gap_threshold_refine_20260622\signals\gap_t0p03_g1p08_b0p82.csv,D:\work\quant\quant_mcp\quant\data_file\reports\strategy_agent_model_application_20260621\formal_5d10d_gap_threshold_refine_20260622\logs\gap_t0p03_g1p08_b0p82.log,3.0150735356908624,3.070055013695468,0.21731743737815662,0.6051873198847262,352,347,1879,382,0.1897420117083535,0.2268,0.93331214659686,0.1722,0.6013744899598396,0.20281124497991967,5,498
gap_t0p025_g1p16_b0p82,"[{""field"": ""pred_gap"", ""op"": ""lt"", ""scale"": 1.16, ""threshold"": 0.025}, {""field"": ""pred_gap"", ""lower"": 0.05, ""op"": ""between"", ""scale"": 0.82, ""upper"": 0.1}]",0,D:\work\quant\quant_mcp\quant\data_file\reports\strategy_agent_model_application_20260621\formal_5d10d_gap_threshold_refine_20260622\signals\gap_t0p025_g1p16_b0p82.csv,D:\work\quant\quant_mcp\quant\data_file\reports\strategy_agent_model_application_20260621\formal_5d10d_gap_threshold_refine_20260622\logs\gap_t0p025_g1p16_b0p82.log,3.0133521573689666,3.068646487484199,0.2177424569944471,0.6051873198847262,352,347,1879,382,0.18999993081426153,0.2436,0.9345808115183256,0.1722,0.601482359437751,0.19678714859437751,5,498
gap_t0p03_g1p12_b0p82,"[{""field"": ""pred_gap"", ""op"": ""lt"", ""scale"": 1.12, ""threshold"": 0.03}, {""field"": ""pred_gap"", ""lower"": 0.05, ""op"": ""between"", ""scale"": 0.82, ""upper"": 0.1}]",0,D:\work\quant\quant_mcp\quant\data_file\reports\strategy_agent_model_application_20260621\formal_5d10d_gap_threshold_refine_20260622\signals\gap_t0p03_g1p12_b0p82.csv,D:\work\quant\quant_mcp\quant\data_file\reports\strategy_agent_model_application_20260621\formal_5d10d_gap_threshold_refine_20260622\logs\gap_t0p03_g1p12_b0p82.log,3.010494673509302,3.0686269077531043,0.21575163562167715,0.6051873198847262,352,347,1879,382,0.18993751463544323,0.2352,0.9342737958115199,0.1722,0.601326654618474,0.20080321285140562,5,498
gap_t0p015_g1p08_b0p82,"[{""field"": ""pred_gap"", ""op"": ""lt"", ""scale"": 1.08, ""threshold"": 0.015}, {""field"": ""pred_gap"", ""lower"": 0.05, ""op"": ""between"", ""scale"": 0.82, ""upper"": 0.1}]",0,D:\work\quant\quant_mcp\quant\data_file\reports\strategy_agent_model_application_20260621\formal_5d10d_gap_threshold_refine_20260622\signals\gap_t0p015_g1p08_b0p82.csv,D:\work\quant\quant_mcp\quant\data_file\reports\strategy_agent_model_application_20260621\formal_5d10d_gap_threshold_refine_20260622\logs\gap_t0p015_g1p08_b0p82.log,3.0249196246167975,3.068396413821491,0.21936299979806248,0.6051873198847262,352,347,1879,382,0.18944114422565034,0.2268,0.9318322251308916,0.1722,0.6013997409638556,0.20281124497991967,5,498
gap_t0p025_g1p08_b0p82,"[{""field"": ""pred_gap"", ""op"": ""lt"", ""scale"": 1.08, ""threshold"": 0.025}, {""field"": ""pred_gap"", ""lower"": 0.05, ""op"": ""between"", ""scale"": 0.82, ""upper"": 0.1}]",0,D:\work\quant\quant_mcp\quant\data_file\reports\strategy_agent_model_application_20260621\formal_5d10d_gap_threshold_refine_20260622\signals\gap_t0p025_g1p08_b0p82.csv,D:\work\quant\quant_mcp\quant\data_file\reports\strategy_agent_model_application_20260621\formal_5d10d_gap_threshold_refine_20260622\logs\gap_t0p025_g1p08_b0p82.log,3.0079002764651155,3.068154321700482,0.21892544711647985,0.6051873198847262,352,347,1879,382,0.18967739222990768,0.2268,0.9329942931937182,0.1722,0.6015413955823298,0.19477911646586346,5,498
gap_t0p015_g1p12_b0p82,"[{""field"": ""pred_gap"", ""op"": ""lt"", ""scale"": 1.12, ""threshold"": 0.015}, {""field"": ""pred_gap"", ""lower"": 0.05, ""op"": ""between"", ""scale"": 0.82, ""upper"": 0.1}]",0,D:\work\quant\quant_mcp\quant\data_file\reports\strategy_agent_model_application_20260621\formal_5d10d_gap_threshold_refine_20260622\signals\gap_t0p015_g1p12_b0p82.csv,D:\work\quant\quant_mcp\quant\data_file\reports\strategy_agent_model_application_20260621\formal_5d10d_gap_threshold_refine_20260622\logs\gap_t0p015_g1p12_b0p82.log,3.0226231396146006,3.0679156724630223,0.21887297608215098,0.6051873198847262,352,347,1879,382,0.18952183076104143,0.2352,0.9322291099476461,0.1722,0.6014599578313254,0.19678714859437751,5,498
gap_t0p03_g1p16_b0p82,"[{""field"": ""pred_gap"", ""op"": ""lt"", ""scale"": 1.16, ""threshold"": 0.03}, {""field"": ""pred_gap"", ""lower"": 0.05, ""op"": ""between"", ""scale"": 0.82, ""upper"": 0.1}]",0,D:\work\quant\quant_mcp\quant\data_file\reports\strategy_agent_model_application_20260621\formal_5d10d_gap_threshold_refine_20260622\signals\gap_t0p03_g1p16_b0p82.csv,D:\work\quant\quant_mcp\quant\data_file\reports\strategy_agent_model_application_20260621\formal_5d10d_gap_threshold_refine_20260622\logs\gap_t0p03_g1p16_b0p82.log,3.0043592431748842,3.0670494904271974,0.21423926086303605,0.6051873198847262,352,347,1879,382,0.19011215007982846,0.2436,0.9351328010471216,0.1722,0.6011781726907633,0.20281124497991967,5,498
gap_t0p025_g1p12_b0p82,"[{""field"": ""pred_gap"", ""op"": ""lt"", ""scale"": 1.12, ""threshold"": 0.025}, {""field"": ""pred_gap"", ""lower"": 0.05, ""op"": ""between"", ""scale"": 0.82, ""upper"": 0.1}]",0,D:\work\quant\quant_mcp\quant\data_file\reports\strategy_agent_model_application_20260621\formal_5d10d_gap_threshold_refine_20260622\signals\gap_t0p025_g1p12_b0p82.csv,D:\work\quant\quant_mcp\quant\data_file\reports\strategy_agent_model_application_20260621\formal_5d10d_gap_threshold_refine_20260622\logs\gap_t0p025_g1p12_b0p82.log,3.0055923767502377,3.0669923015431886,0.21835908009270616,0.6051873198847262,352,347,1879,382,0.18984799893560264,0.2352,0.933833481675394,0.1722,0.6016189497991973,0.19678714859437751,5,498
gap_t0p015_g1p16_b0p82,"[{""field"": ""pred_gap"", ""op"": ""lt"", ""scale"": 1.16, ""threshold"": 0.015}, {""field"": ""pred_gap"", ""lower"": 0.05, ""op"": ""between"", ""scale"": 0.82, ""upper"": 0.1}]",0,D:\work\quant\quant_mcp\quant\data_file\reports\strategy_agent_model_application_20260621\formal_5d10d_gap_threshold_refine_20260622\signals\gap_t0p015_g1p16_b0p82.csv,D:\work\quant\quant_mcp\quant\data_file\reports\strategy_agent_model_application_20260621\formal_5d10d_gap_threshold_refine_20260622\logs\gap_t0p015_g1p16_b0p82.log,3.020061050280436,3.065769034270614,0.21866872935310155,0.6051873198847262,352,347,1879,382,0.189595391165512,0.2436,0.9325909424083784,0.1722,0.601526102409639,0.19879518072289157,5,498
gap_t0p02_g1p08_b0p82,"[{""field"": ""pred_gap"", ""op"": ""lt"", ""scale"": 1.08, ""threshold"": 0.02}, {""field"": ""pred_gap"", ""lower"": 0.05, ""op"": ""between"", ""scale"": 0.82, ""upper"": 0.1}]",0,D:\work\quant\quant_mcp\quant\data_file\reports\strategy_agent_model_application_20260621\formal_5d10d_gap_threshold_refine_20260622\signals\gap_t0p02_g1p08_b0p82.csv,D:\work\quant\quant_mcp\quant\data_file\reports\strategy_agent_model_application_20260621\formal_5d10d_gap_threshold_refine_20260622\logs\gap_t0p02_g1p08_b0p82.log,3.0127780703915663,3.06317809030721,0.21947807908589412,0.6051873198847262,352,347,1879,382,0.18952586482171183,0.2268,0.9322489528795826,0.1722,0.6016835481927701,0.20080321285140562,5,498
gap_t0p02_g1p16_b0p82,"[{""field"": ""pred_gap"", ""op"": ""lt"", ""scale"": 1.16, ""threshold"": 0.02}, {""field"": ""pred_gap"", ""lower"": 0.05, ""op"": ""between"", ""scale"": 0.82, ""upper"": 0.1}]",0,D:\work\quant\quant_mcp\quant\data_file\reports\strategy_agent_model_application_20260621\formal_5d10d_gap_threshold_refine_20260622\signals\gap_t0p02_g1p16_b0p82.csv,D:\work\quant\quant_mcp\quant\data_file\reports\strategy_agent_model_application_20260621\formal_5d10d_gap_threshold_refine_20260622\logs\gap_t0p02_g1p16_b0p82.log,3.0319171711141184,3.062581283079296,0.21895780019755126,0.6051873198847262,352,347,1879,382,0.1897398084087265,0.2436,0.933301308900525,0.1722,0.6016796646586343,0.20281124497991967,5,498
gap_t0p02_g1p12_b0p82,"[{""field"": ""pred_gap"", ""op"": ""lt"", ""scale"": 1.12, ""threshold"": 0.02}, {""field"": ""pred_gap"", ""lower"": 0.05, ""op"": ""between"", ""scale"": 0.82, ""upper"": 0.1}]",0,D:\work\quant\quant_mcp\quant\data_file\reports\strategy_agent_model_application_20260621\formal_5d10d_gap_threshold_refine_20260622\signals\gap_t0p02_g1p12_b0p82.csv,D:\work\quant\quant_mcp\quant\data_file\reports\strategy_agent_model_application_20260621\formal_5d10d_gap_threshold_refine_20260622\logs\gap_t0p02_g1p12_b0p82.log,3.018365261055776,3.0612350230910113,0.2193981634340913,0.6051873198847262,352,347,1879,382,0.18963500266098843,0.2352,0.932785785340316,0.1722,0.6017795421686744,0.20080321285140562,5,498
gap_t0p015_g1p12_b0p88,"[{""field"": ""pred_gap"", ""op"": ""lt"", ""scale"": 1.12, ""threshold"": 0.015}, {""field"": ""pred_gap"", ""lower"": 0.05, ""op"": ""between"", ""scale"": 0.88, ""upper"": 0.1}]",0,D:\work\quant\quant_mcp\quant\data_file\reports\strategy_agent_model_application_20260621\formal_5d10d_gap_threshold_refine_20260622\signals\gap_t0p015_g1p12_b0p88.csv,D:\work\quant\quant_mcp\quant\data_file\reports\strategy_agent_model_application_20260621\formal_5d10d_gap_threshold_refine_20260622\logs\gap_t0p015_g1p12_b0p88.log,3.0953976255514934,3.061201199638978,0.22400138749694223,0.6051873198847262,352,347,1879,382,0.19273979776476666,0.2352,0.9480578010471232,0.1848,0.6096761746987958,0.20883534136546184,5,498
gap_t0p015_g1p08_b0p88,"[{""field"": ""pred_gap"", ""op"": ""lt"", ""scale"": 1.08, ""threshold"": 0.015}, {""field"": ""pred_gap"", ""lower"": 0.05, ""op"": ""between"", ""scale"": 0.88, ""upper"": 0.1}]",0,D:\work\quant\quant_mcp\quant\data_file\reports\strategy_agent_model_application_20260621\formal_5d10d_gap_threshold_refine_20260622\signals\gap_t0p015_g1p08_b0p88.csv,D:\work\quant\quant_mcp\quant\data_file\reports\strategy_agent_model_application_20260621\formal_5d10d_gap_threshold_refine_20260622\logs\gap_t0p015_g1p08_b0p88.log,3.0944613213564094,3.060946637361969,0.22441359235866518,0.6051873198847262,352,347,1879,382,0.1926680627993595,0.2268,0.9477049476439813,0.1848,0.6096615803212848,0.21285140562248997,5,498
gap_t0p03_g1p08_b0p88,"[{""field"": ""pred_gap"", ""op"": ""lt"", ""scale"": 1.08, ""threshold"": 0.03}, {""field"": ""pred_gap"", ""lower"": 0.05, ""op"": ""between"", ""scale"": 0.88, ""upper"": 0.1}]",0,D:\work\quant\quant_mcp\quant\data_file\reports\strategy_agent_model_application_20260621\formal_5d10d_gap_threshold_refine_20260622\signals\gap_t0p03_g1p08_b0p88.csv,D:\work\quant\quant_mcp\quant\data_file\reports\strategy_agent_model_application_20260621\formal_5d10d_gap_threshold_refine_20260622\logs\gap_t0p03_g1p08_b0p88.log,3.0822728464402442,3.060370903203056,0.22363000979771666,0.6051873198847262,352,347,1879,382,0.1929359286854687,0.2268,0.9490225392670181,0.1848,0.6101234518072285,0.21084337349397592,5,498
gap_t0p025_g1p16_b0p88,"[{""field"": ""pred_gap"", ""op"": ""lt"", ""scale"": 1.16, ""threshold"": 0.025}, {""field"": ""pred_gap"", ""lower"": 0.05, ""op"": ""between"", ""scale"": 0.88, ""upper"": 0.1}]",0,D:\work\quant\quant_mcp\quant\data_file\reports\strategy_agent_model_application_20260621\formal_5d10d_gap_threshold_refine_20260622\signals\gap_t0p025_g1p16_b0p88.csv,D:\work\quant\quant_mcp\quant\data_file\reports\strategy_agent_model_application_20260621\formal_5d10d_gap_threshold_refine_20260622\logs\gap_t0p025_g1p16_b0p88.log,3.0795606734057577,3.0601312448383604,0.22279252195014437,0.6051873198847262,352,347,1879,382,0.19315737094198884,0.2436,0.9501117801047136,0.1848,0.6097570542168674,0.20682730923694778,5,498
gap_t0p015_g1p16_b0p88,"[{""field"": ""pred_gap"", ""op"": ""lt"", ""scale"": 1.16, ""threshold"": 0.015}, {""field"": ""pred_gap"", ""lower"": 0.05, ""op"": ""between"", ""scale"": 0.88, ""upper"": 0.1}]",0,D:\work\quant\quant_mcp\quant\data_file\reports\strategy_agent_model_application_20260621\formal_5d10d_gap_threshold_refine_20260622\signals\gap_t0p015_g1p16_b0p88.csv,D:\work\quant\quant_mcp\quant\data_file\reports\strategy_agent_model_application_20260621\formal_5d10d_gap_threshold_refine_20260622\logs\gap_t0p015_g1p16_b0p88.log,3.094672395603534,3.059737261488175,0.22371264160149065,0.6051873198847262,352,347,1879,382,0.19281156998403223,0.2436,0.9484108376963372,0.1848,0.609751616465863,0.20883534136546184,5,498
gap_t0p025_g1p08_b0p88,"[{""field"": ""pred_gap"", ""op"": ""lt"", ""scale"": 1.08, ""threshold"": 0.025}, {""field"": ""pred_gap"", ""lower"": 0.05, ""op"": ""between"", ""scale"": 0.88, ""upper"": 0.1}]",0,D:\work\quant\quant_mcp\quant\data_file\reports\strategy_agent_model_application_20260621\formal_5d10d_gap_threshold_refine_20260622\signals\gap_t0p025_g1p08_b0p88.csv,D:\work\quant\quant_mcp\quant\data_file\reports\strategy_agent_model_application_20260621\formal_5d10d_gap_threshold_refine_20260622\logs\gap_t0p025_g1p08_b0p88.log,3.078507398741645,3.059736233800432,0.22411088773094054,0.6051873198847262,352,347,1879,382,0.19287844065992343,0.2268,0.9487397643979076,0.1848,0.609853196787149,0.20281124497991967,5,498
gap_t0p03_g1p12_b0p88,"[{""field"": ""pred_gap"", ""op"": ""lt"", ""scale"": 1.12, ""threshold"": 0.03}, {""field"": ""pred_gap"", ""lower"": 0.05, ""op"": ""between"", ""scale"": 0.88, ""upper"": 0.1}]",0,D:\work\quant\quant_mcp\quant\data_file\reports\strategy_agent_model_application_20260621\formal_5d10d_gap_threshold_refine_20260622\signals\gap_t0p03_g1p12_b0p88.csv,D:\work\quant\quant_mcp\quant\data_file\reports\strategy_agent_model_application_20260621\formal_5d10d_gap_threshold_refine_20260622\logs\gap_t0p03_g1p12_b0p88.log,3.075225722422935,3.0587313830922533,0.2218307485748582,0.6051873198847262,352,347,1879,382,0.19309258116019032,0.2352,0.9497930890052378,0.1848,0.6100568393574297,0.20883534136546184,5,498
gap_t0p025_g1p12_b0p88,"[{""field"": ""pred_gap"", ""op"": ""lt"", ""scale"": 1.12, ""threshold"": 0.025}, {""field"": ""pred_gap"", ""lower"": 0.05, ""op"": ""between"", ""scale"": 0.88, ""upper"": 0.1}]",0,D:\work\quant\quant_mcp\quant\data_file\reports\strategy_agent_model_application_20260621\formal_5d10d_gap_threshold_refine_20260622\signals\gap_t0p025_g1p12_b0p88.csv,D:\work\quant\quant_mcp\quant\data_file\reports\strategy_agent_model_application_20260621\formal_5d10d_gap_threshold_refine_20260622\logs\gap_t0p025_g1p12_b0p88.log,3.073592751468925,3.058674317639508,0.22339010928027783,0.6051873198847262,352,347,1879,382,0.1930178658861081,0.2352,0.9494255759162326,0.1848,0.609870128514056,0.20481927710843373,5,498
gap_t0p03_g1p16_b0p88,"[{""field"": ""pred_gap"", ""op"": ""lt"", ""scale"": 1.16, ""threshold"": 0.03}, {""field"": ""pred_gap"", ""lower"": 0.05, ""op"": ""between"", ""scale"": 0.88, ""upper"": 0.1}]",0,D:\work\quant\quant_mcp\quant\data_file\reports\strategy_agent_model_application_20260621\formal_5d10d_gap_threshold_refine_20260622\signals\gap_t0p03_g1p16_b0p88.csv,D:\work\quant\quant_mcp\quant\data_file\reports\strategy_agent_model_application_20260621\formal_5d10d_gap_threshold_refine_20260622\logs\gap_t0p03_g1p16_b0p88.log,3.069116054298857,3.057112785186123,0.2200589170539941,0.6051873198847262,352,347,1879,382,0.1932444917509298,0.2436,0.9505403141361276,0.1848,0.6099032168674697,0.20080321285140562,5,498
gap_t0p02_g1p08_b0p88,"[{""field"": ""pred_gap"", ""op"": ""lt"", ""scale"": 1.08, ""threshold"": 0.02}, {""field"": ""pred_gap"", ""lower"": 0.05, ""op"": ""between"", ""scale"": 0.88, ""upper"": 0.1}]",0,D:\work\quant\quant_mcp\quant\data_file\reports\strategy_agent_model_application_20260621\formal_5d10d_gap_threshold_refine_20260622\signals\gap_t0p02_g1p08_b0p88.csv,D:\work\quant\quant_mcp\quant\data_file\reports\strategy_agent_model_application_20260621\formal_5d10d_gap_threshold_refine_20260622\logs\gap_t0p02_g1p08_b0p88.log,3.0835558235966998,3.055195728098513,0.22469037049366403,0.6051873198847262,352,347,1879,382,0.19274152740819378,0.2268,0.948066308900526,0.1848,0.609955200803213,0.20682730923694778,5,498
gap_t0p02_g1p16_b0p88,"[{""field"": ""pred_gap"", ""op"": ""lt"", ""scale"": 1.16, ""threshold"": 0.02}, {""field"": ""pred_gap"", ""lower"": 0.05, ""op"": ""between"", ""scale"": 0.88, ""upper"": 0.1}]",0,D:\work\quant\quant_mcp\quant\data_file\reports\strategy_agent_model_application_20260621\formal_5d10d_gap_threshold_refine_20260622\signals\gap_t0p02_g1p16_b0p88.csv,D:\work\quant\quant_mcp\quant\data_file\reports\strategy_agent_model_application_20260621\formal_5d10d_gap_threshold_refine_20260622\logs\gap_t0p02_g1p16_b0p88.log,3.0942001088636353,3.0529628193936125,0.22397721788368605,0.6051873198847262,352,347,1879,382,0.19294287919105732,0.2436,0.9490567277486932,0.1848,0.6099613052208829,0.20883534136546184,5,498
gap_t0p02_g1p12_b0p88,"[{""field"": ""pred_gap"", ""op"": ""lt"", ""scale"": 1.12, ""threshold"": 0.02}, {""field"": ""pred_gap"", ""lower"": 0.05, ""op"": ""between"", ""scale"": 0.88, ""upper"": 0.1}]",0,D:\work\quant\quant_mcp\quant\data_file\reports\strategy_agent_model_application_20260621\formal_5d10d_gap_threshold_refine_20260622\signals\gap_t0p02_g1p12_b0p88.csv,D:\work\quant\quant_mcp\quant\data_file\reports\strategy_agent_model_application_20260621\formal_5d10d_gap_threshold_refine_20260622\logs\gap_t0p02_g1p12_b0p88.log,3.0835561019940974,3.0523787219345895,0.22436687356671994,0.6051873198847262,352,347,1879,382,0.19284213411388879,0.2352,0.9485611780104737,0.1848,0.6100052068273094,0.20682730923694778,5,498
gap_t0p03_g1p08_b0p94,"[{""field"": ""pred_gap"", ""op"": ""lt"", ""scale"": 1.08, ""threshold"": 0.03}, {""field"": ""pred_gap"", ""lower"": 0.05, ""op"": ""between"", ""scale"": 0.94, ""upper"": 0.1}]",0,D:\work\quant\quant_mcp\quant\data_file\reports\strategy_agent_model_application_20260621\formal_5d10d_gap_threshold_refine_20260622\signals\gap_t0p03_g1p08_b0p94.csv,D:\work\quant\quant_mcp\quant\data_file\reports\strategy_agent_model_application_20260621\formal_5d10d_gap_threshold_refine_20260622\logs\gap_t0p03_g1p08_b0p94.log,3.1410857433489157,3.04994938609879,0.22815477737841802,0.6051873198847262,352,347,1879,382,0.19606911122937556,0.2268,0.964434188481678,0.1974,0.6178916305220884,0.21084337349397592,5,498
gap_t0p03_g1p12_b0p94,"[{""field"": ""pred_gap"", ""op"": ""lt"", ""scale"": 1.12, ""threshold"": 0.03}, {""field"": ""pred_gap"", ""lower"": 0.05, ""op"": ""between"", ""scale"": 0.94, ""upper"": 0.1}]",0,D:\work\quant\quant_mcp\quant\data_file\reports\strategy_agent_model_application_20260621\formal_5d10d_gap_threshold_refine_20260622\signals\gap_t0p03_g1p12_b0p94.csv,D:\work\quant\quant_mcp\quant\data_file\reports\strategy_agent_model_application_20260621\formal_5d10d_gap_threshold_refine_20260622\logs\gap_t0p03_g1p12_b0p94.log,3.1346665403887024,3.048469902879555,0.22664570781799528,0.6051873198847262,352,347,1879,382,0.1961963704097918,0.2352,0.9650601570680652,0.1974,0.6178256606425706,0.20281124497991967,5,498
gap_t0p03_g1p16_b0p94,"[{""field"": ""pred_gap"", ""op"": ""lt"", ""scale"": 1.16, ""threshold"": 0.03}, {""field"": ""pred_gap"", ""lower"": 0.05, ""op"": ""between"", ""scale"": 0.94, ""upper"": 0.1}]",0,D:\work\quant\quant_mcp\quant\data_file\reports\strategy_agent_model_application_20260621\formal_5d10d_gap_threshold_refine_20260622\signals\gap_t0p03_g1p16_b0p94.csv,D:\work\quant\quant_mcp\quant\data_file\reports\strategy_agent_model_application_20260621\formal_5d10d_gap_threshold_refine_20260622\logs\gap_t0p03_g1p16_b0p94.log,3.1248231246418,3.0468094648133293,0.22477505162635183,0.6051873198847262,352,347,1879,382,0.1963087865886101,0.2436,0.965613115183248,0.1974,0.6176305722891565,0.20080321285140562,5,498
gap_t0p025_g1p08_b0p94,"[{""field"": ""pred_gap"", ""op"": ""lt"", ""scale"": 1.08, ""threshold"": 0.025}, {""field"": ""pred_gap"", ""lower"": 0.05, ""op"": ""between"", ""scale"": 0.94, ""upper"": 0.1}]",0,D:\work\quant\quant_mcp\quant\data_file\reports\strategy_agent_model_application_20260621\formal_5d10d_gap_threshold_refine_20260622\signals\gap_t0p025_g1p08_b0p94.csv,D:\work\quant\quant_mcp\quant\data_file\reports\strategy_agent_model_application_20260621\formal_5d10d_gap_threshold_refine_20260622\logs\gap_t0p025_g1p08_b0p94.log,3.132821083509454,3.0461482100459816,0.2301304841153312,0.6051873198847262,352,347,1879,382,0.1960331186801474,0.2268,0.9642571465968607,0.1974,0.6179922309236945,0.20281124497991967,5,498
gap_t0p015_g1p12_b0p94,"[{""field"": ""pred_gap"", ""op"": ""lt"", ""scale"": 1.12, ""threshold"": 0.015}, {""field"": ""pred_gap"", ""lower"": 0.05, ""op"": ""between"", ""scale"": 0.94, ""upper"": 0.1}]",0,D:\work\quant\quant_mcp\quant\data_file\reports\strategy_agent_model_application_20260621\formal_5d10d_gap_threshold_refine_20260622\signals\gap_t0p015_g1p12_b0p94.csv,D:\work\quant\quant_mcp\quant\data_file\reports\strategy_agent_model_application_20260621\formal_5d10d_gap_threshold_refine_20260622\logs\gap_t0p015_g1p12_b0p94.log,3.145657545707956,3.046076289972149,0.23011090528625305,0.6051873198847262,352,347,1879,382,0.19593823310271288,0.2352,0.9637904188481707,0.1974,0.6179030522088351,0.21084337349397592,5,498
gap_t0p015_g1p08_b0p94,"[{""field"": ""pred_gap"", ""op"": ""lt"", ""scale"": 1.08, ""threshold"": 0.015}, {""field"": ""pred_gap"", ""lower"": 0.05, ""op"": ""between"", ""scale"": 0.94, ""upper"": 0.1}]",0,D:\work\quant\quant_mcp\quant\data_file\reports\strategy_agent_model_application_20260621\formal_5d10d_gap_threshold_refine_20260622\signals\gap_t0p015_g1p08_b0p94.csv,D:\work\quant\quant_mcp\quant\data_file\reports\strategy_agent_model_application_20260621\formal_5d10d_gap_threshold_refine_20260622\logs\gap_t0p015_g1p08_b0p94.log,3.1460955320374833,3.045582171676799,0.23072723152150135,0.6051873198847262,352,347,1879,382,0.1958828738690779,0.2268,0.9635181151832487,0.1974,0.6179728855421686,0.21485943775100402,5,498
gap_t0p025_g1p12_b0p94,"[{""field"": ""pred_gap"", ""op"": ""lt"", ""scale"": 1.12, ""threshold"": 0.025}, {""field"": ""pred_gap"", ""lower"": 0.05, ""op"": ""between"", ""scale"": 0.94, ""upper"": 0.1}]",0,D:\work\quant\quant_mcp\quant\data_file\reports\strategy_agent_model_application_20260621\formal_5d10d_gap_threshold_refine_20260622\signals\gap_t0p025_g1p12_b0p94.csv,D:\work\quant\quant_mcp\quant\data_file\reports\strategy_agent_model_application_20260621\formal_5d10d_gap_threshold_refine_20260622\logs\gap_t0p025_g1p12_b0p94.log,3.12572721905458,3.0443964946793014,0.2294443767470473,0.6051873198847262,352,347,1879,382,0.1961437945715797,0.2352,0.9648015445026202,0.1974,0.6179997148594375,0.20080321285140562,5,498
gap_t0p015_g1p16_b0p94,"[{""field"": ""pred_gap"", ""op"": ""lt"", ""scale"": 1.16, ""threshold"": 0.015}, {""field"": ""pred_gap"", ""lower"": 0.05, ""op"": ""between"", ""scale"": 0.94, ""upper"": 0.1}]",0,D:\work\quant\quant_mcp\quant\data_file\reports\strategy_agent_model_application_20260621\formal_5d10d_gap_threshold_refine_20260622\signals\gap_t0p015_g1p16_b0p94.csv,D:\work\quant\quant_mcp\quant\data_file\reports\strategy_agent_model_application_20260621\formal_5d10d_gap_threshold_refine_20260622\logs\gap_t0p015_g1p16_b0p94.log,3.1434381175864075,3.0441245125955976,0.22984115937674254,0.6051873198847262,352,347,1879,382,0.19598955827567727,0.2436,0.9640428795811544,0.1974,0.6179535883534135,0.20883534136546184,5,498
gap_t0p025_g1p16_b0p94,"[{""field"": ""pred_gap"", ""op"": ""lt"", ""scale"": 1.16, ""threshold"": 0.025}, {""field"": ""pred_gap"", ""lower"": 0.05, ""op"": ""between"", ""scale"": 0.94, ""upper"": 0.1}]",0,D:\work\quant\quant_mcp\quant\data_file\reports\strategy_agent_model_application_20260621\formal_5d10d_gap_threshold_refine_20260622\signals\gap_t0p025_g1p16_b0p94.csv,D:\work\quant\quant_mcp\quant\data_file\reports\strategy_agent_model_application_20260621\formal_5d10d_gap_threshold_refine_20260622\logs\gap_t0p025_g1p16_b0p94.log,3.113581170548564,3.0405004970982596,0.22880307872485423,0.6051873198847262,352,347,1879,382,0.19624328366152122,0.2436,0.9652909162303681,0.1974,0.6179747469879517,0.20281124497991967,5,498
gap_t0p02_g1p08_b0p94,"[{""field"": ""pred_gap"", ""op"": ""lt"", ""scale"": 1.08, ""threshold"": 0.02}, {""field"": ""pred_gap"", ""lower"": 0.05, ""op"": ""between"", ""scale"": 0.94, ""upper"": 0.1}]",0,D:\work\quant\quant_mcp\quant\data_file\reports\strategy_agent_model_application_20260621\formal_5d10d_gap_threshold_refine_20260622\signals\gap_t0p02_g1p08_b0p94.csv,D:\work\quant\quant_mcp\quant\data_file\reports\strategy_agent_model_application_20260621\formal_5d10d_gap_threshold_refine_20260622\logs\gap_t0p02_g1p08_b0p94.log,3.1344274518229116,3.040053461313647,0.2308625983595427,0.6051873198847262,352,347,1879,382,0.19594002660989734,0.2268,0.9637992408376991,0.1974,0.6181555240963857,0.20883534136546184,5,498
gap_t0p02_g1p12_b0p94,"[{""field"": ""pred_gap"", ""op"": ""lt"", ""scale"": 1.12, ""threshold"": 0.02}, {""field"": ""pred_gap"", ""lower"": 0.05, ""op"": ""between"", ""scale"": 0.94, ""upper"": 0.1}]",0,D:\work\quant\quant_mcp\quant\data_file\reports\strategy_agent_model_application_20260621\formal_5d10d_gap_threshold_refine_20260622\signals\gap_t0p02_g1p12_b0p94.csv,D:\work\quant\quant_mcp\quant\data_file\reports\strategy_agent_model_application_20260621\formal_5d10d_gap_threshold_refine_20260622\logs\gap_t0p02_g1p12_b0p94.log,3.1268531172969376,3.03566866518751,0.2304207863946415,0.6051873198847262,352,347,1879,382,0.19601149547631608,0.2352,0.9641507853403168,0.1974,0.6182257409638555,0.20883534136546184,5,498
gap_t0p02_g1p16_b0p94,"[{""field"": ""pred_gap"", ""op"": ""lt"", ""scale"": 1.16, ""threshold"": 0.02}, {""field"": ""pred_gap"", ""lower"": 0.05, ""op"": ""between"", ""scale"": 0.94, ""upper"": 0.1}]",0,D:\work\quant\quant_mcp\quant\data_file\reports\strategy_agent_model_application_20260621\formal_5d10d_gap_threshold_refine_20260622\signals\gap_t0p02_g1p16_b0p94.csv,D:\work\quant\quant_mcp\quant\data_file\reports\strategy_agent_model_application_20260621\formal_5d10d_gap_threshold_refine_20260622\logs\gap_t0p02_g1p16_b0p94.log,3.1216692614389645,3.032751363125565,0.23006906691291104,0.6051873198847262,352,347,1879,382,0.19607531133581568,0.2436,0.9644646858638767,0.1974,0.6182703975903612,0.21084337349397592,5,498
