case_name,stop_loss,take_profit,start_name,start,returncode,annual,pnl_ratio,sharpe,max_drawdown,win_ratio,open_count,close_count,log_file,avg_invested_pct,ge80_ratio,max_active_positions,exposure_points
pos94_sl05_tp05,0.05,0.05,full_20240605,2024-06-05 09:00:00,0,3.504000046319021,7.190400095049169,1.7455821528257482,0.3966483717088702,0.5784313725490197,205,204,D:\work\quant\quant_mcp\quant\data_file\reports\strategy_agent_goal_high_annual_20260623\top1_no_delist_rerun_20260624\diversification_tune_20260624\strict_sync_liquidity_neighborhood_20260624\formal_horizon_entry_confirmation_20260624\dynamic_h2_m3_pos94_dd0509_exit_risk_20260624\logs\pos94_sl05_tp05_full_20240605.log,0.3756437408163267,0.22448979591836735,1,490
pos94_sl05_tp05,0.05,0.05,recent60_20260324,2026-03-24 09:00:00,0,0.5620201852636947,0.14165988231304083,1.1288947867572432,0.1973150147702776,0.5238095238095238,22,21,D:\work\quant\quant_mcp\quant\data_file\reports\strategy_agent_goal_high_annual_20260623\top1_no_delist_rerun_20260624\diversification_tune_20260624\strict_sync_liquidity_neighborhood_20260624\formal_horizon_entry_confirmation_20260624\dynamic_h2_m3_pos94_dd0509_exit_risk_20260624\logs\pos94_sl05_tp05_recent60_20260324.log,0.44990305454545454,0.32727272727272727,1,55
pos94_sl05_tp05,0.05,0.05,late_20250701,2025-07-01 09:00:00,0,2.8340070642266224,2.7796562438167967,2.399219542743521,0.19836963995817994,0.5981308411214953,108,107,D:\work\quant\quant_mcp\quant\data_file\reports\strategy_agent_goal_high_annual_20260623\top1_no_delist_rerun_20260624\diversification_tune_20260624\strict_sync_liquidity_neighborhood_20260624\formal_horizon_entry_confirmation_20260624\dynamic_h2_m3_pos94_dd0509_exit_risk_20260624\logs\pos94_sl05_tp05_late_20250701.log,0.4343567748917748,0.329004329004329,1,231
pos94_sl05_tp05,0.05,0.05,late_20251009,2025-10-09 09:00:00,0,1.8506997442530004,1.3081658466226689,2.352056024940315,0.1981570486117016,0.5866666666666667,76,75,D:\work\quant\quant_mcp\quant\data_file\reports\strategy_agent_goal_high_annual_20260623\top1_no_delist_rerun_20260624\diversification_tune_20260624\strict_sync_liquidity_neighborhood_20260624\formal_horizon_entry_confirmation_20260624\dynamic_h2_m3_pos94_dd0509_exit_risk_20260624\logs\pos94_sl05_tp05_late_20251009.log,0.4431741939393939,0.3515151515151515,1,165
pos94_sl05_tp05,0.05,0.05,late_20260105,2026-01-05 09:00:00,0,1.7093962921228216,0.7961571771530951,2.4161516245696433,0.1977213660947742,0.625,49,48,D:\work\quant\quant_mcp\quant\data_file\reports\strategy_agent_goal_high_annual_20260623\top1_no_delist_rerun_20260624\diversification_tune_20260624\strict_sync_liquidity_neighborhood_20260624\formal_horizon_entry_confirmation_20260624\dynamic_h2_m3_pos94_dd0509_exit_risk_20260624\logs\pos94_sl05_tp05_late_20260105.log,0.4410974476190475,0.3523809523809524,1,105
pos94_sl05_tp06,0.05,0.06,full_20240605,2024-06-05 09:00:00,0,4.874344746925195,10.002422508073895,1.8434925761177092,0.3965911706056802,0.5841584158415841,203,202,D:\work\quant\quant_mcp\quant\data_file\reports\strategy_agent_goal_high_annual_20260623\top1_no_delist_rerun_20260624\diversification_tune_20260624\strict_sync_liquidity_neighborhood_20260624\formal_horizon_entry_confirmation_20260624\dynamic_h2_m3_pos94_dd0509_exit_risk_20260624\logs\pos94_sl05_tp06_full_20240605.log,0.38407592040816313,0.23265306122448978,1,490
pos94_sl05_tp06,0.05,0.06,recent60_20260324,2026-03-24 09:00:00,0,0.5620201852636947,0.14165988231304083,1.1288947867572432,0.1973150147702776,0.5238095238095238,22,21,D:\work\quant\quant_mcp\quant\data_file\reports\strategy_agent_goal_high_annual_20260623\top1_no_delist_rerun_20260624\diversification_tune_20260624\strict_sync_liquidity_neighborhood_20260624\formal_horizon_entry_confirmation_20260624\dynamic_h2_m3_pos94_dd0509_exit_risk_20260624\logs\pos94_sl05_tp06_recent60_20260324.log,0.44990305454545454,0.32727272727272727,1,55
pos94_sl05_tp06,0.05,0.06,late_20250701,2025-07-01 09:00:00,0,2.928103555332617,2.8719481446824022,2.4296691388851963,0.19822017554671992,0.5981308411214953,108,107,D:\work\quant\quant_mcp\quant\data_file\reports\strategy_agent_goal_high_annual_20260623\top1_no_delist_rerun_20260624\diversification_tune_20260624\strict_sync_liquidity_neighborhood_20260624\formal_horizon_entry_confirmation_20260624\dynamic_h2_m3_pos94_dd0509_exit_risk_20260624\logs\pos94_sl05_tp06_late_20250701.log,0.43421360606060616,0.329004329004329,1,231
pos94_sl05_tp06,0.05,0.06,late_20251009,2025-10-09 09:00:00,0,1.983423259556542,1.4019813725084598,2.450742162033263,0.1982845921283489,0.5866666666666667,76,75,D:\work\quant\quant_mcp\quant\data_file\reports\strategy_agent_goal_high_annual_20260623\top1_no_delist_rerun_20260624\diversification_tune_20260624\strict_sync_liquidity_neighborhood_20260624\formal_horizon_entry_confirmation_20260624\dynamic_h2_m3_pos94_dd0509_exit_risk_20260624\logs\pos94_sl05_tp06_late_20251009.log,0.4448170787878789,0.3515151515151515,1,165
pos94_sl05_tp06,0.05,0.06,late_20260105,2026-01-05 09:00:00,0,1.7093962921228216,0.7961571771530951,2.4161516245696433,0.1977213660947742,0.625,49,48,D:\work\quant\quant_mcp\quant\data_file\reports\strategy_agent_goal_high_annual_20260623\top1_no_delist_rerun_20260624\diversification_tune_20260624\strict_sync_liquidity_neighborhood_20260624\formal_horizon_entry_confirmation_20260624\dynamic_h2_m3_pos94_dd0509_exit_risk_20260624\logs\pos94_sl05_tp06_late_20260105.log,0.4410974476190475,0.3523809523809524,1,105
pos94_sl05_tp07,0.05,0.07,full_20240605,2024-06-05 09:00:00,0,4.639838647016855,9.52120314141267,1.840041155963491,0.39660716064977325,0.5891089108910891,203,202,D:\work\quant\quant_mcp\quant\data_file\reports\strategy_agent_goal_high_annual_20260623\top1_no_delist_rerun_20260624\diversification_tune_20260624\strict_sync_liquidity_neighborhood_20260624\formal_horizon_entry_confirmation_20260624\dynamic_h2_m3_pos94_dd0509_exit_risk_20260624\logs\pos94_sl05_tp07_full_20240605.log,0.38437019387755084,0.23469387755102042,1,490
pos94_sl05_tp07,0.05,0.07,recent60_20260324,2026-03-24 09:00:00,0,0.5620201852636947,0.14165988231304083,1.1288947867572432,0.1973150147702776,0.5238095238095238,22,21,D:\work\quant\quant_mcp\quant\data_file\reports\strategy_agent_goal_high_annual_20260623\top1_no_delist_rerun_20260624\diversification_tune_20260624\strict_sync_liquidity_neighborhood_20260624\formal_horizon_entry_confirmation_20260624\dynamic_h2_m3_pos94_dd0509_exit_risk_20260624\logs\pos94_sl05_tp07_recent60_20260324.log,0.44990305454545454,0.32727272727272727,1,55
pos94_sl05_tp07,0.05,0.07,late_20250701,2025-07-01 09:00:00,0,2.9159957066775624,2.8600725013440202,2.426402247082391,0.1982699243467645,0.5981308411214953,108,107,D:\work\quant\quant_mcp\quant\data_file\reports\strategy_agent_goal_high_annual_20260623\top1_no_delist_rerun_20260624\diversification_tune_20260624\strict_sync_liquidity_neighborhood_20260624\formal_horizon_entry_confirmation_20260624\dynamic_h2_m3_pos94_dd0509_exit_risk_20260624\logs\pos94_sl05_tp07_late_20250701.log,0.4330198441558444,0.3246753246753247,1,231
pos94_sl05_tp07,0.05,0.07,late_20251009,2025-10-09 09:00:00,0,1.9768074340239423,1.397304980762129,2.4479204822181466,0.1983187251464703,0.5866666666666667,76,75,D:\work\quant\quant_mcp\quant\data_file\reports\strategy_agent_goal_high_annual_20260623\top1_no_delist_rerun_20260624\diversification_tune_20260624\strict_sync_liquidity_neighborhood_20260624\formal_horizon_entry_confirmation_20260624\dynamic_h2_m3_pos94_dd0509_exit_risk_20260624\logs\pos94_sl05_tp07_late_20251009.log,0.4432766787878789,0.34545454545454546,1,165
pos94_sl05_tp07,0.05,0.07,late_20260105,2026-01-05 09:00:00,0,1.7093962921228216,0.7961571771530951,2.4161516245696433,0.1977213660947742,0.625,49,48,D:\work\quant\quant_mcp\quant\data_file\reports\strategy_agent_goal_high_annual_20260623\top1_no_delist_rerun_20260624\diversification_tune_20260624\strict_sync_liquidity_neighborhood_20260624\formal_horizon_entry_confirmation_20260624\dynamic_h2_m3_pos94_dd0509_exit_risk_20260624\logs\pos94_sl05_tp07_late_20260105.log,0.4410974476190475,0.3523809523809524,1,105
pos94_sl06_tp05,0.06,0.05,full_20240605,2024-06-05 09:00:00,0,4.159382914550857,8.535281652050937,1.7773639774939283,0.39662205904770625,0.5882352941176471,205,204,D:\work\quant\quant_mcp\quant\data_file\reports\strategy_agent_goal_high_annual_20260623\top1_no_delist_rerun_20260624\diversification_tune_20260624\strict_sync_liquidity_neighborhood_20260624\formal_horizon_entry_confirmation_20260624\dynamic_h2_m3_pos94_dd0509_exit_risk_20260624\logs\pos94_sl06_tp05_full_20240605.log,0.37674004693877555,0.22857142857142856,1,490
pos94_sl06_tp05,0.06,0.05,recent60_20260324,2026-03-24 09:00:00,0,0.5582670723794133,0.14071389221618089,1.122179751864926,0.19731717639601587,0.5238095238095238,22,21,D:\work\quant\quant_mcp\quant\data_file\reports\strategy_agent_goal_high_annual_20260623\top1_no_delist_rerun_20260624\diversification_tune_20260624\strict_sync_liquidity_neighborhood_20260624\formal_horizon_entry_confirmation_20260624\dynamic_h2_m3_pos94_dd0509_exit_risk_20260624\logs\pos94_sl06_tp05_recent60_20260324.log,0.44978805454545456,0.32727272727272727,1,55
pos94_sl06_tp05,0.06,0.05,late_20250701,2025-07-01 09:00:00,0,2.832009926837499,2.77769740769267,2.397662008312863,0.19838075130147836,0.5981308411214953,108,107,D:\work\quant\quant_mcp\quant\data_file\reports\strategy_agent_goal_high_annual_20260623\top1_no_delist_rerun_20260624\diversification_tune_20260624\strict_sync_liquidity_neighborhood_20260624\formal_horizon_entry_confirmation_20260624\dynamic_h2_m3_pos94_dd0509_exit_risk_20260624\logs\pos94_sl06_tp05_late_20250701.log,0.4343654675324674,0.329004329004329,1,231
pos94_sl06_tp05,0.06,0.05,late_20251009,2025-10-09 09:00:00,0,1.8487805177596432,1.306809242690378,2.349820317570796,0.19817780455490416,0.5866666666666667,76,75,D:\work\quant\quant_mcp\quant\data_file\reports\strategy_agent_goal_high_annual_20260623\top1_no_delist_rerun_20260624\diversification_tune_20260624\strict_sync_liquidity_neighborhood_20260624\formal_horizon_entry_confirmation_20260624\dynamic_h2_m3_pos94_dd0509_exit_risk_20260624\logs\pos94_sl06_tp05_late_20251009.log,0.4431907272727272,0.3515151515151515,1,165
pos94_sl06_tp05,0.06,0.05,late_20260105,2026-01-05 09:00:00,0,1.7064271196485048,0.794774274904783,2.412577153848996,0.1977876934372985,0.625,49,48,D:\work\quant\quant_mcp\quant\data_file\reports\strategy_agent_goal_high_annual_20260623\top1_no_delist_rerun_20260624\diversification_tune_20260624\strict_sync_liquidity_neighborhood_20260624\formal_horizon_entry_confirmation_20260624\dynamic_h2_m3_pos94_dd0509_exit_risk_20260624\logs\pos94_sl06_tp05_late_20260105.log,0.4410814952380951,0.3523809523809524,1,105
pos94_sl06_tp06,0.06,0.06,full_20240605,2024-06-05 09:00:00,0,4.8712844383785665,9.996142587248073,1.8425187985584124,0.3965911706056802,0.5841584158415841,203,202,D:\work\quant\quant_mcp\quant\data_file\reports\strategy_agent_goal_high_annual_20260623\top1_no_delist_rerun_20260624\diversification_tune_20260624\strict_sync_liquidity_neighborhood_20260624\formal_horizon_entry_confirmation_20260624\dynamic_h2_m3_pos94_dd0509_exit_risk_20260624\logs\pos94_sl06_tp06_full_20240605.log,0.384073957142857,0.23265306122448978,1,490
pos94_sl06_tp06,0.06,0.06,recent60_20260324,2026-03-24 09:00:00,0,0.5582670723794133,0.14071389221618089,1.122179751864926,0.19731717639601587,0.5238095238095238,22,21,D:\work\quant\quant_mcp\quant\data_file\reports\strategy_agent_goal_high_annual_20260623\top1_no_delist_rerun_20260624\diversification_tune_20260624\strict_sync_liquidity_neighborhood_20260624\formal_horizon_entry_confirmation_20260624\dynamic_h2_m3_pos94_dd0509_exit_risk_20260624\logs\pos94_sl06_tp06_recent60_20260324.log,0.44978805454545456,0.32727272727272727,1,55
pos94_sl06_tp06,0.06,0.06,late_20250701,2025-07-01 09:00:00,0,2.9266290778524127,2.8705019448525033,2.428686243670688,0.19820979364966468,0.5981308411214953,108,107,D:\work\quant\quant_mcp\quant\data_file\reports\strategy_agent_goal_high_annual_20260623\top1_no_delist_rerun_20260624\diversification_tune_20260624\strict_sync_liquidity_neighborhood_20260624\formal_horizon_entry_confirmation_20260624\dynamic_h2_m3_pos94_dd0509_exit_risk_20260624\logs\pos94_sl06_tp06_late_20250701.log,0.4342022251082251,0.329004329004329,1,231
pos94_sl06_tp06,0.06,0.06,late_20251009,2025-10-09 09:00:00,0,1.9817926910940302,1.4008288063075611,2.4487792548661775,0.1982995666968632,0.5866666666666667,76,75,D:\work\quant\quant_mcp\quant\data_file\reports\strategy_agent_goal_high_annual_20260623\top1_no_delist_rerun_20260624\diversification_tune_20260624\strict_sync_liquidity_neighborhood_20260624\formal_horizon_entry_confirmation_20260624\dynamic_h2_m3_pos94_dd0509_exit_risk_20260624\logs\pos94_sl06_tp06_late_20251009.log,0.44484576363636363,0.3515151515151515,1,165
pos94_sl06_tp06,0.06,0.06,late_20260105,2026-01-05 09:00:00,0,1.7064271196485048,0.794774274904783,2.412577153848996,0.1977876934372985,0.625,49,48,D:\work\quant\quant_mcp\quant\data_file\reports\strategy_agent_goal_high_annual_20260623\top1_no_delist_rerun_20260624\diversification_tune_20260624\strict_sync_liquidity_neighborhood_20260624\formal_horizon_entry_confirmation_20260624\dynamic_h2_m3_pos94_dd0509_exit_risk_20260624\logs\pos94_sl06_tp06_late_20260105.log,0.4410814952380951,0.3523809523809524,1,105
pos94_sl06_tp07,0.06,0.07,full_20240605,2024-06-05 09:00:00,0,4.637244129104923,9.515879048492021,1.8390871887788192,0.39660716064977325,0.5891089108910891,203,202,D:\work\quant\quant_mcp\quant\data_file\reports\strategy_agent_goal_high_annual_20260623\top1_no_delist_rerun_20260624\diversification_tune_20260624\strict_sync_liquidity_neighborhood_20260624\formal_horizon_entry_confirmation_20260624\dynamic_h2_m3_pos94_dd0509_exit_risk_20260624\logs\pos94_sl06_tp07_full_20240605.log,0.3843782061224487,0.23469387755102042,1,490
pos94_sl06_tp07,0.06,0.07,recent60_20260324,2026-03-24 09:00:00,0,0.5582670723794133,0.14071389221618089,1.122179751864926,0.19731717639601587,0.5238095238095238,22,21,D:\work\quant\quant_mcp\quant\data_file\reports\strategy_agent_goal_high_annual_20260623\top1_no_delist_rerun_20260624\diversification_tune_20260624\strict_sync_liquidity_neighborhood_20260624\formal_horizon_entry_confirmation_20260624\dynamic_h2_m3_pos94_dd0509_exit_risk_20260624\logs\pos94_sl06_tp07_recent60_20260324.log,0.44978805454545456,0.32727272727272727,1,55
pos94_sl06_tp07,0.06,0.07,late_20250701,2025-07-01 09:00:00,0,2.9138980144809405,2.8580150388607577,2.4246976410566354,0.19827825168518995,0.5981308411214953,108,107,D:\work\quant\quant_mcp\quant\data_file\reports\strategy_agent_goal_high_annual_20260623\top1_no_delist_rerun_20260624\diversification_tune_20260624\strict_sync_liquidity_neighborhood_20260624\formal_horizon_entry_confirmation_20260624\dynamic_h2_m3_pos94_dd0509_exit_risk_20260624\logs\pos94_sl06_tp07_late_20250701.log,0.43303738095238103,0.3246753246753247,1,231
pos94_sl06_tp07,0.06,0.07,late_20251009,2025-10-09 09:00:00,0,1.9750731228719403,1.3960790841122208,2.445762376445072,0.1983619821100199,0.5866666666666667,76,75,D:\work\quant\quant_mcp\quant\data_file\reports\strategy_agent_goal_high_annual_20260623\top1_no_delist_rerun_20260624\diversification_tune_20260624\strict_sync_liquidity_neighborhood_20260624\formal_horizon_entry_confirmation_20260624\dynamic_h2_m3_pos94_dd0509_exit_risk_20260624\logs\pos94_sl06_tp07_late_20251009.log,0.4433099393939394,0.34545454545454546,1,165
pos94_sl06_tp07,0.06,0.07,late_20260105,2026-01-05 09:00:00,0,1.7064271196485048,0.794774274904783,2.412577153848996,0.1977876934372985,0.625,49,48,D:\work\quant\quant_mcp\quant\data_file\reports\strategy_agent_goal_high_annual_20260623\top1_no_delist_rerun_20260624\diversification_tune_20260624\strict_sync_liquidity_neighborhood_20260624\formal_horizon_entry_confirmation_20260624\dynamic_h2_m3_pos94_dd0509_exit_risk_20260624\logs\pos94_sl06_tp07_late_20260105.log,0.4410814952380951,0.3523809523809524,1,105
pos94_sl07_tp05,0.07,0.05,full_20240605,2024-06-05 09:00:00,0,4.443344716414013,9.11798682902492,1.7864551828170456,0.3967227960267174,0.5911330049261084,204,203,D:\work\quant\quant_mcp\quant\data_file\reports\strategy_agent_goal_high_annual_20260623\top1_no_delist_rerun_20260624\diversification_tune_20260624\strict_sync_liquidity_neighborhood_20260624\formal_horizon_entry_confirmation_20260624\dynamic_h2_m3_pos94_dd0509_exit_risk_20260624\logs\pos94_sl07_tp05_full_20240605.log,0.37826880612244884,0.23265306122448978,1,490
pos94_sl07_tp05,0.07,0.05,recent60_20260324,2026-03-24 09:00:00,0,0.5582670723794133,0.14071389221618089,1.122179751864926,0.19731717639601587,0.5238095238095238,22,21,D:\work\quant\quant_mcp\quant\data_file\reports\strategy_agent_goal_high_annual_20260623\top1_no_delist_rerun_20260624\diversification_tune_20260624\strict_sync_liquidity_neighborhood_20260624\formal_horizon_entry_confirmation_20260624\dynamic_h2_m3_pos94_dd0509_exit_risk_20260624\logs\pos94_sl07_tp05_recent60_20260324.log,0.44978805454545456,0.32727272727272727,1,55
pos94_sl07_tp05,0.07,0.05,late_20250701,2025-07-01 09:00:00,0,2.832009926837499,2.77769740769267,2.397662008312863,0.19838075130147836,0.5981308411214953,108,107,D:\work\quant\quant_mcp\quant\data_file\reports\strategy_agent_goal_high_annual_20260623\top1_no_delist_rerun_20260624\diversification_tune_20260624\strict_sync_liquidity_neighborhood_20260624\formal_horizon_entry_confirmation_20260624\dynamic_h2_m3_pos94_dd0509_exit_risk_20260624\logs\pos94_sl07_tp05_late_20250701.log,0.4343654675324674,0.329004329004329,1,231
pos94_sl07_tp05,0.07,0.05,late_20251009,2025-10-09 09:00:00,0,1.8487805177596432,1.306809242690378,2.349820317570796,0.19817780455490416,0.5866666666666667,76,75,D:\work\quant\quant_mcp\quant\data_file\reports\strategy_agent_goal_high_annual_20260623\top1_no_delist_rerun_20260624\diversification_tune_20260624\strict_sync_liquidity_neighborhood_20260624\formal_horizon_entry_confirmation_20260624\dynamic_h2_m3_pos94_dd0509_exit_risk_20260624\logs\pos94_sl07_tp05_late_20251009.log,0.4431907272727272,0.3515151515151515,1,165
pos94_sl07_tp05,0.07,0.05,late_20260105,2026-01-05 09:00:00,0,1.7064271196485048,0.794774274904783,2.412577153848996,0.1977876934372985,0.625,49,48,D:\work\quant\quant_mcp\quant\data_file\reports\strategy_agent_goal_high_annual_20260623\top1_no_delist_rerun_20260624\diversification_tune_20260624\strict_sync_liquidity_neighborhood_20260624\formal_horizon_entry_confirmation_20260624\dynamic_h2_m3_pos94_dd0509_exit_risk_20260624\logs\pos94_sl07_tp05_late_20260105.log,0.4410814952380951,0.3523809523809524,1,105
pos94_sl07_tp06,0.07,0.06,full_20240605,2024-06-05 09:00:00,0,4.888788697650305,10.032062286411175,1.8454735857476925,0.3965911706056802,0.5841584158415841,203,202,D:\work\quant\quant_mcp\quant\data_file\reports\strategy_agent_goal_high_annual_20260623\top1_no_delist_rerun_20260624\diversification_tune_20260624\strict_sync_liquidity_neighborhood_20260624\formal_horizon_entry_confirmation_20260624\dynamic_h2_m3_pos94_dd0509_exit_risk_20260624\logs\pos94_sl07_tp06_full_20240605.log,0.38331206938775514,0.23265306122448978,1,490
pos94_sl07_tp06,0.07,0.06,recent60_20260324,2026-03-24 09:00:00,0,0.5582670723794133,0.14071389221618089,1.122179751864926,0.19731717639601587,0.5238095238095238,22,21,D:\work\quant\quant_mcp\quant\data_file\reports\strategy_agent_goal_high_annual_20260623\top1_no_delist_rerun_20260624\diversification_tune_20260624\strict_sync_liquidity_neighborhood_20260624\formal_horizon_entry_confirmation_20260624\dynamic_h2_m3_pos94_dd0509_exit_risk_20260624\logs\pos94_sl07_tp06_recent60_20260324.log,0.44978805454545456,0.32727272727272727,1,55
pos94_sl07_tp06,0.07,0.06,late_20250701,2025-07-01 09:00:00,0,2.9266290778524127,2.8705019448525033,2.428686243670688,0.19820979364966468,0.5981308411214953,108,107,D:\work\quant\quant_mcp\quant\data_file\reports\strategy_agent_goal_high_annual_20260623\top1_no_delist_rerun_20260624\diversification_tune_20260624\strict_sync_liquidity_neighborhood_20260624\formal_horizon_entry_confirmation_20260624\dynamic_h2_m3_pos94_dd0509_exit_risk_20260624\logs\pos94_sl07_tp06_late_20250701.log,0.4342022251082251,0.329004329004329,1,231
pos94_sl07_tp06,0.07,0.06,late_20251009,2025-10-09 09:00:00,0,1.9817926910940302,1.4008288063075611,2.4487792548661775,0.1982995666968632,0.5866666666666667,76,75,D:\work\quant\quant_mcp\quant\data_file\reports\strategy_agent_goal_high_annual_20260623\top1_no_delist_rerun_20260624\diversification_tune_20260624\strict_sync_liquidity_neighborhood_20260624\formal_horizon_entry_confirmation_20260624\dynamic_h2_m3_pos94_dd0509_exit_risk_20260624\logs\pos94_sl07_tp06_late_20251009.log,0.44484576363636363,0.3515151515151515,1,165
pos94_sl07_tp06,0.07,0.06,late_20260105,2026-01-05 09:00:00,0,1.7064271196485048,0.794774274904783,2.412577153848996,0.1977876934372985,0.625,49,48,D:\work\quant\quant_mcp\quant\data_file\reports\strategy_agent_goal_high_annual_20260623\top1_no_delist_rerun_20260624\diversification_tune_20260624\strict_sync_liquidity_neighborhood_20260624\formal_horizon_entry_confirmation_20260624\dynamic_h2_m3_pos94_dd0509_exit_risk_20260624\logs\pos94_sl07_tp06_late_20260105.log,0.4410814952380951,0.3523809523809524,1,105
pos94_sl07_tp07,0.07,0.07,full_20240605,2024-06-05 09:00:00,0,5.054102253982817,10.371294762282549,1.8770238311954652,0.39660716064977325,0.5891089108910891,203,202,D:\work\quant\quant_mcp\quant\data_file\reports\strategy_agent_goal_high_annual_20260623\top1_no_delist_rerun_20260624\diversification_tune_20260624\strict_sync_liquidity_neighborhood_20260624\formal_horizon_entry_confirmation_20260624\dynamic_h2_m3_pos94_dd0509_exit_risk_20260624\logs\pos94_sl07_tp07_full_20240605.log,0.38578017755102073,0.23469387755102042,1,490
pos94_sl07_tp07,0.07,0.07,recent60_20260324,2026-03-24 09:00:00,0,0.5582670723794133,0.14071389221618089,1.122179751864926,0.19731717639601587,0.5238095238095238,22,21,D:\work\quant\quant_mcp\quant\data_file\reports\strategy_agent_goal_high_annual_20260623\top1_no_delist_rerun_20260624\diversification_tune_20260624\strict_sync_liquidity_neighborhood_20260624\formal_horizon_entry_confirmation_20260624\dynamic_h2_m3_pos94_dd0509_exit_risk_20260624\logs\pos94_sl07_tp07_recent60_20260324.log,0.44978805454545456,0.32727272727272727,1,55
pos94_sl07_tp07,0.07,0.07,late_20250701,2025-07-01 09:00:00,0,2.9138980144809405,2.8580150388607577,2.4246976410566354,0.19827825168518995,0.5981308411214953,108,107,D:\work\quant\quant_mcp\quant\data_file\reports\strategy_agent_goal_high_annual_20260623\top1_no_delist_rerun_20260624\diversification_tune_20260624\strict_sync_liquidity_neighborhood_20260624\formal_horizon_entry_confirmation_20260624\dynamic_h2_m3_pos94_dd0509_exit_risk_20260624\logs\pos94_sl07_tp07_late_20250701.log,0.43303738095238103,0.3246753246753247,1,231
pos94_sl07_tp07,0.07,0.07,late_20251009,2025-10-09 09:00:00,0,1.9750731228719403,1.3960790841122208,2.445762376445072,0.1983619821100199,0.5866666666666667,76,75,D:\work\quant\quant_mcp\quant\data_file\reports\strategy_agent_goal_high_annual_20260623\top1_no_delist_rerun_20260624\diversification_tune_20260624\strict_sync_liquidity_neighborhood_20260624\formal_horizon_entry_confirmation_20260624\dynamic_h2_m3_pos94_dd0509_exit_risk_20260624\logs\pos94_sl07_tp07_late_20251009.log,0.4433099393939394,0.34545454545454546,1,165
pos94_sl07_tp07,0.07,0.07,late_20260105,2026-01-05 09:00:00,0,1.7064271196485048,0.794774274904783,2.412577153848996,0.1977876934372985,0.625,49,48,D:\work\quant\quant_mcp\quant\data_file\reports\strategy_agent_goal_high_annual_20260623\top1_no_delist_rerun_20260624\diversification_tune_20260624\strict_sync_liquidity_neighborhood_20260624\formal_horizon_entry_confirmation_20260624\dynamic_h2_m3_pos94_dd0509_exit_risk_20260624\logs\pos94_sl07_tp07_late_20260105.log,0.4410814952380951,0.3523809523809524,1,105
